,showTypeGroupNm,showTypeNm,movieCd
0,2D,디지털,20192206
1,2D,디지털 영문자막,20192206
2,2D,디지털 가치봄,20192206
3,4D,4D,20192206
0,2D,디지털,20184571
1,2D,디지털 영문자막,20184571
0,2D,디지털,20196272
0,2D,디지털,20198414
1,2D,디지털 영문자막,20198414
2,2D,디지털 가치봄,20198414
0,2D,디지털,20197803
1,2D,디지털 더빙,20197803
2,3D,3D 디지털,20197803
3,3D,3D 더빙,20197803
4,4D,4D 더빙,20197803
5,4D,4D,20197803
6,IMAX,IMAX,20197803
7,IMAX,IMAX 3D,20197803
8,DOLBYCINEMA,DOLBYCINEMA,20197803
0,2D,디지털,20198374
1,4D,4D,20198374
0,2D,디지털,20192401
1,4D,4D,20192401
2,IMAX,IMAX,20192401
3,ScreenX,ScreenX,20192401
4,DOLBYCINEMA,DOLBYCINEMA,20192401
0,2D,디지털,20191408
0,2D,디지털,20198430
0,2D,디지털,20199981
1,2D,디지털 더빙,20199981
0,2D,디지털,20199581
1,2D,디지털 더빙,20199581
2,4D,4D,20199581
0,2D,디지털,20195462
1,3D,3D 디지털,20195462
2,4D,4D,20195462
3,IMAX,IMAX,20195462
4,IMAX,IMAX 3D,20195462
0,2D,디지털,20183002
1,2D,디지털 영문자막,20183002
0,2D,디지털,20196670
1,4D,4D,20196670
2,IMAX,IMAX,20196670
3,ScreenX,ScreenX,20196670
0,2D,디지털,20198676
0,2D,디지털,20180939
1,2D,디지털 가치봄,20180939
0,2D,디지털,20192101
1,2D,디지털 가치봄,20192101
0,2D,디지털,20188421
0,2D,디지털,20192300
1,2D,디지털 더빙,20192300
2,4D,4D 더빙,20192300
3,4D,4D,20192300
0,2D,디지털,20192604
1,2D,디지털 더빙,20192604
0,필름,필름,20100312
1,2D,디지털,20100312
2,4D,4D,20100312
3,IMAX,IMAX,20100312
0,2D,디지털,20182447
0,2D,디지털,20198431
1,4D,4D,20198431
2,IMAX,IMAX,20198431
3,ScreenX,ScreenX,20198431
0,2D,디지털,20192984
0,2D,디지털,20197390
0,2D,디지털,20191109
0,2D,디지털,20193321
0,2D,디지털,20192240
0,2D,디지털,20183782
1,2D,디지털 영문자막,20183782
2,2D,디지털 가치봄,20183782
3,IMAX,IMAX,20183782
4,흑백판,흑백판,20183782
0,2D,디지털,20184891
1,2D,디지털 더빙,20184891
2,4D,4D 더빙,20184891
3,4D,4D,20184891
0,2D,디지털,20180962
0,2D,디지털,20192399
1,4D,4D,20192399
2,IMAX,IMAX,20192399
3,DOLBYCINEMA,DOLBYCINEMA,20192399
0,2D,디지털,20193911
0,2D,디지털,20193288
1,2D,디지털 더빙,20193288
0,2D,디지털,20199842
1,IMAX,IMAX,20199842
0,2D,디지털,20193526
0,필름,필름,20040598
1,2D,디지털,20040598
2,4D,4D,20040598
0,2D,디지털,20204681
0,2D,디지털,20190864
0,필름,필름,20135428
1,2D,디지털,20135428
0,2D,디지털,20204791
0,2D,디지털,20180523
1,DOLBYCINEMA,DOLBYCINEMA,20180523
0,필름,필름,20010238
1,2D,디지털,20010238
0,2D,디지털,20205096
0,2D,디지털,20167542
1,4D,4D,20167542
2,IMAX,IMAX,20167542
3,DOLBYCINEMA,DOLBYCINEMA,20167542
0,2D,디지털,20204107
0,2D,디지털,20205708
0,2D,디지털,20167904
1,IMAX,IMAX,20167904
2,DOLBYCINEMA,DOLBYCINEMA,20167904
0,2D,디지털,20190280
1,2D,디지털 더빙,20190280
2,2D,디지털 4K,20190280
3,4D,4D,20190280
4,IMAX,IMAX,20190280
0,2D,디지털,20206424
0,필름,필름,20090528
1,2D,디지털,20090528
0,2D,디지털,20205262
0,2D,디지털,20205841
0,2D,디지털,20206446
0,2D,디지털,20206402
0,2D,디지털,20205902
0,2D,디지털,20176767
0,2D,디지털,20206190
0,2D,디지털,20206021
0,2D,디지털,20204741
0,2D,디지털,20196716
0,2D,디지털,20206447
0,2D,디지털,20161827
1,4D,4D,20161827
2,IMAX,IMAX,20161827
0,필름,필름,20124721
1,2D,디지털,20124721
2,3D,3D 디지털,20124721
3,4D,4D,20124721
4,IMAX,IMAX 3D,20124721
0,필름,필름,20148493
1,2D,디지털,20148493
2,3D,3D 디지털,20148493
3,4D,4D,20148493
4,IMAX,IMAX 3D,20148493
0,2D,디지털,20206865
0,필름,필름,19888010
1,2D,디지털,19888010
2,2D,디지털 4K,19888010
0,2D,디지털,20205402
1,2D,디지털 더빙,20205402
0,2D,디지털,20197397
0,2D,디지털,20181685
0,2D,디지털,20173226
0,2D,디지털,20207722
0,2D,디지털,20184889
1,3D,3D 디지털,20184889
2,4D,4D,20184889
3,IMAX,IMAX,20184889
4,IMAX,IMAX 3D,20184889
0,2D,디지털,20206441
0,2D,디지털,20177478
1,3D,3D 디지털,20177478
2,4D,4D,20177478
3,IMAX,IMAX,20177478
4,IMAX,IMAX 3D,20177478
0,2D,디지털,20207341
0,2D,디지털,20207893
0,2D,디지털,20208282
0,2D,디지털,20208686
0,필름,필름,20113252
1,2D,디지털,20113252
0,2D,디지털,20204501
0,2D,디지털,20208562
0,2D,디지털,20179462
0,2D,디지털,20208122
0,2D,디지털,20189987
0,2D,디지털,20208663
0,2D,디지털,20209161
0,2D,디지털,20207501
0,2D,디지털,20208264
0,2D,디지털,20196782
1,2D,디지털 영문자막,20196782
0,2D,디지털,20209029
0,2D,디지털,20197863
1,2D,디지털 가치봄,20197863
0,필름,필름,20144741
1,2D,디지털,20144741
2,3D,3D 디지털,20144741
3,4D,4D,20144741
4,IMAX,IMAX 3D,20144741
0,2D,디지털,20190461
0,2D,디지털,20203921
1,2D,디지털 더빙,20203921
0,필름,필름,20128386
1,2D,디지털,20128386
2,3D,3D 디지털,20128386
3,4D,4D,20128386
4,IMAX,IMAX 3D,20128386
0,2D,디지털,20183813
1,2D,디지털 가치봄,20183813
0,2D,디지털,20205481
0,2D,디지털,20209463
0,2D,디지털,20198890
1,4D,4D,20198890
2,ScreenX,ScreenX,20198890
0,2D,디지털,20178522
0,2D,디지털,20188124
0,2D,디지털,20191048
1,2D,디지털 더빙,20191048
2,4D,4D 더빙,20191048
3,4D,4D,20191048
4,IMAX,IMAX,20191048
0,2D,디지털,20193859
0,2D,디지털,20196702
0,2D,디지털,20184842
0,2D,디지털,20193069
1,2D,디지털 가치봄,20193069
2,4D,4D,20193069
0,필름,필름,20050112
1,2D,디지털,20050112
2,4D,4D,20050112
3,IMAX,IMAX,20050112
0,2D,디지털,20209644
0,필름,필름,20090161
1,2D,디지털,20090161
0,2D,디지털,20196201
1,2D,디지털 영문자막,20196201
0,필름,필름,20081056
1,2D,디지털,20081056
2,2D,디지털 4K,20081056
3,4D,4D,20081056
4,IMAX,IMAX,20081056
0,2D,디지털,20208617
0,2D,디지털,20200361
0,2D,디지털,20200836
0,2D,디지털,20204644
0,필름,필름,20112703
1,2D,디지털,20112703
2,4D,4D,20112703
3,IMAX,IMAX,20112703
0,2D,디지털,20200162
0,2D,디지털,20201421
0,필름,필름,20112561
1,2D,디지털,20112561
0,2D,디지털,20208182
0,2D,디지털,20193450
1,2D,디지털 영문자막,20193450
2,4D,4D,20193450
3,IMAX,IMAX,20193450
4,ScreenX,ScreenX,20193450
0,2D,디지털,20200845
0,2D,디지털,20188364
1,2D,디지털 더빙,20188364
0,2D,디지털,20209961
1,2D,디지털 더빙,20209961
0,2D,디지털,20183867
1,2D,디지털 더빙,20183867
2,3D,3D 디지털,20183867
3,3D,3D 더빙,20183867
4,4D,4D 더빙,20183867
5,4D,4D,20183867
6,IMAX,IMAX,20183867
7,IMAX,IMAX 더빙,20183867
8,IMAX,IMAX 3D,20183867
9,IMAX,IMAX 3D 더빙,20183867
10,DOLBYCINEMA,DOLBYCINEMA,20183867
0,2D,디지털,20200749
0,2D,디지털,20201265
0,2D,디지털,20209882
0,2D,디지털,20192522
1,2D,디지털 더빙,20192522
0,2D,디지털,20196271
1,4D,4D,20196271
0,2D,디지털,20200491
1,2D,디지털 더빙,20200491
0,2D,디지털,20173901
0,2D,디지털,20209107
0,2D,디지털,20197922
1,2D,디지털 영문자막,20197922
0,2D,디지털,20201287
1,2D,디지털 더빙,20201287
0,2D,디지털,20164721
1,2D,디지털 더빙,20164721
2,3D,3D 디지털,20164721
3,3D,3D 더빙,20164721
4,4D,4D 더빙,20164721
5,4D,4D,20164721
6,IMAX,IMAX,20164721
7,IMAX,IMAX 3D,20164721
0,2D,디지털,20199883
1,4D,4D,20199883
0,2D,디지털,20188362
1,2D,디지털 더빙,20188362
0,2D,디지털,20201968
0,필름,필름,20205970
1,2D,디지털,20205970
0,2D,디지털,20201122
1,4D,4D,20201122
2,IMAX,IMAX,20201122
3,DOLBYCINEMA,DOLBYCINEMA,20201122
0,2D,디지털,20202281
1,2D,디지털 더빙,20202281
0,2D,디지털,20203461
0,2D,디지털,20196773
1,2D,디지털 영문자막,20196773
0,2D,디지털,20197032
1,2D,디지털 영문자막,20197032
0,2D,디지털,20193666
0,필름,필름,20112692
1,2D,디지털,20112692
0,2D,디지털,20202961
0,2D,디지털,20189973
0,2D,디지털,20205146
0,2D,디지털,20175405
1,4D,4D,20175405
0,2D,디지털,20201687
1,4D,4D,20201687
0,2D,디지털,20202203
0,2D,디지털,20199302
0,2D,디지털,20193822
1,3D,3D 디지털,20193822
2,4D,4D,20193822
3,IMAX,IMAX,20193822
4,IMAX,IMAX 3D,20193822
5,ScreenX,ScreenX,20193822
6,DOLBYCINEMA,DOLBYCINEMA,20193822
0,2D,디지털,20202103
0,2D,디지털,20205001
1,2D,디지털 영문자막,20205001
0,2D,디지털,20178401
0,2D,디지털,20190601
0,2D,디지털,20204684
0,2D,디지털,20202341
0,2D,디지털,20206178
1,2D,디지털 더빙,20206178
0,2D,디지털,20199816
1,2D,디지털 가치봄,20199816
0,2D,디지털,20184482
0,2D,디지털,20204008
1,4D,4D,20204008
0,2D,디지털,20190621
0,2D,디지털,20206062
1,2D,디지털 더빙,20206062
0,2D,디지털,20206826
0,2D,디지털,20206588
0,2D,디지털,20208045
0,2D,디지털,20202684
0,2D,디지털,20202502
0,2D,디지털,20206362
0,2D,디지털,20194424
0,2D,디지털,20183583
0,2D,디지털,20208393
1,2D,디지털 더빙,20208393
0,2D,디지털,20181162
1,2D,디지털 가치봄,20181162
0,2D,디지털,20197121
1,2D,디지털 가치봄,20197121
0,2D,디지털,20208508
0,2D,디지털,20203842
1,4D,4D,20203842
0,2D,디지털,20192271
1,2D,디지털 더빙,20192271
0,2D,디지털,20200145
0,2D,디지털,20209005
0,2D,디지털,20209466
0,필름,필름,20145141
1,2D,디지털,20145141
0,2D,디지털,20209304
0,2D,디지털,20205980
0,2D,디지털,20192193
0,필름,필름,20040734
1,2D,디지털,20040734
0,2D,디지털,20202601
0,2D,디지털,20190582
1,2D,디지털 가치봄,20190582
0,2D,디지털,20206547
1,DOLBYCINEMA,DOLBYCINEMA,20206547
0,2D,디지털 더빙,20208448
0,2D,디지털,20204432
0,2D,디지털,20209370
0,2D,디지털,20200294
0,2D,디지털,20200200
0,2D,디지털,20209650
0,2D,디지털,20208961
0,2D,디지털,20181983
0,2D,디지털,20201123
0,2D,디지털,20209771
0,2D,디지털,20200554
0,2D,디지털,20206710
0,2D,디지털,20197853
0,필름,필름,20149120
1,2D,디지털,20149120
2,4D,4D,20149120
3,IMAX,IMAX,20149120
0,2D,디지털,20164621
1,4D,4D,20164621
2,IMAX,IMAX,20164621
0,2D,디지털,20201002
1,2D,디지털 영문자막,20201002
0,2D,디지털,20202366
1,4D,4D,20202366
2,IMAX,IMAX,20202366
0,2D,디지털,20200883
0,필름,필름,20030404
1,2D,디지털,20030404
0,2D,디지털,20201174
0,2D,디지털,20200936
0,2D,디지털,20205216
0,2D,디지털,20192567
1,4D,4D,20192567
2,IMAX,IMAX,20192567
3,ScreenX,ScreenX,20192567
4,DOLBYCINEMA,DOLBYCINEMA,20192567
0,필름,필름,20040725
1,2D,디지털,20040725
2,2D,디지털 4K,20040725
0,2D,디지털 더빙,20202128
0,2D,디지털,20202368
0,2D,디지털,20209538
0,2D,디지털,20202703
0,2D,디지털,20202647
0,2D,디지털 더빙,20202130
0,필름,필름,20081445
1,2D,디지털,20081445
0,2D,디지털,20200512
0,2D,디지털,20202931
0,2D,디지털,20182674
0,2D,디지털,20198056
0,2D,디지털,20197277
0,필름,필름,20078386
1,2D,디지털,20078386
0,필름,필름,19910182
1,2D,디지털,19910182
0,2D,디지털,20203689
0,2D,디지털,20207443
1,2D,디지털 더빙,20207443
2,4D,4D,20207443
3,DOLBYCINEMA,DOLBYCINEMA,20207443
0,2D,디지털,20200703
1,2D,디지털 더빙,20200703
2,4D,4D,20200703
3,IMAX,IMAX,20200703
0,2D,디지털,20202540
0,2D,디지털,20202924
0,2D,디지털,20204504
0,2D,디지털,20209926
1,2D,디지털 가치봄,20209926
0,2D,디지털,20201649
0,2D,디지털,20201022
0,2D,디지털,20198053
1,2D,디지털 영문자막,20198053
0,필름,필름,20150942
1,2D,디지털,20150942
0,2D,디지털,20215041
1,4D,4D,20215041
2,ScreenX,ScreenX,20215041
0,2D,디지털,20204628
0,2D,디지털,20215301
0,필름,필름,20080269
1,2D,디지털,20080269
2,2D,디지털 4K,20080269
0,2D,디지털,20204333
0,2D,디지털,20202792
0,2D,디지털,20200472
1,2D,디지털 가치봄,20200472
0,2D,디지털,20190323
0,2D,디지털,20214981
1,4D,4D,20214981
2,IMAX,IMAX,20214981
3,DOLBYCINEMA,DOLBYCINEMA,20214981
0,필름,필름,20050310
1,4D,4D,20050310
0,2D,디지털,20209627
1,2D,디지털 가치봄,20209627
0,2D,디지털,20215810
0,2D,디지털,20203009
1,2D,디지털 더빙,20203009
0,2D,디지털,20199541
0,2D,디지털,20214848
0,2D,디지털,20200311
0,2D,디지털,20202812
0,2D,디지털,20215843
1,4D,4D,20215843
2,IMAX,IMAX,20215843
3,DOLBYCINEMA,DOLBYCINEMA,20215843
0,2D,디지털,20202555
1,2D,디지털 더빙,20202555
2,4D,4D 더빙,20202555
3,4D,4D,20202555
0,2D,디지털,20198663
0,2D,디지털,20209013
0,2D,디지털,20215221
0,2D,디지털,20215862
0,2D,디지털,20205144
1,2D,디지털 영문자막,20205144
2,2D,디지털 가치봄,20205144
0,2D,디지털,20200263
1,2D,디지털 더빙,20200263
2,4D,4D 더빙,20200263
3,4D,4D,20200263
4,IMAX,IMAX,20200263
5,DOLBYCINEMA,DOLBYCINEMA,20200263
0,필름,필름,20071054
1,2D,디지털,20071054
2,2D,디지털 4K,20071054
0,2D,디지털,20216555
0,2D,디지털,20216051
0,필름,필름,20010083
1,2D,디지털,20010083
2,IMAX,IMAX,20010083
0,2D,디지털,20216022
0,2D,디지털,20215056
0,2D,디지털,20216069
0,필름,필름,20020234
1,2D,디지털,20020234
2,IMAX,IMAX,20020234
0,필름,필름,20030316
1,2D,디지털,20030316
2,IMAX,IMAX,20030316
0,2D,디지털,20216768
1,2D,디지털 가치봄,20216768
0,2D,디지털,20216361
0,2D,디지털,20215850
1,4D,4D,20215850
2,IMAX,IMAX,20215850
3,DOLBYCINEMA,DOLBYCINEMA,20215850
0,2D,디지털,20216673
0,2D,디지털,20216432
0,2D,디지털,20216372
0,2D,디지털,20197434
1,2D,디지털 영문자막,20197434
2,2D,디지털 가치봄,20197434
0,2D,디지털,20205155
1,2D,디지털 더빙,20205155
0,2D,디지털,20190683
0,2D,디지털,20214847
0,2D,디지털,20216492
1,4D,4D,20216492
2,DOLBYCINEMA,DOLBYCINEMA,20216492
0,2D,디지털,20216523
1,4D,4D,20216523
2,IMAX,IMAX,20216523
0,2D,디지털,20200065
0,필름,필름,20124134
1,2D,디지털,20124134
0,2D,디지털,20215803
0,2D,디지털,20183003
0,2D,디지털,20216710
1,2D,디지털 더빙,20216710
2,4D,4D 더빙,20216710
3,4D,4D,20216710
0,2D,디지털,20199630
1,2D,디지털 영문자막,20199630
0,2D,디지털,20215046
0,2D,디지털,20194501
0,2D,디지털,20193068
0,2D,디지털,20216703
0,2D,디지털 더빙,20216908
0,2D,디지털,20217278
0,2D,디지털,20202585
1,2D,디지털 더빙,20202585
2,4D,4D 더빙,20202585
3,4D,4D,20202585
0,2D,디지털,20217551
0,2D,디지털,20217174
0,2D,디지털,20217484
1,IMAX,IMAX,20217484
0,필름,가치봄,20214763
1,2D,디지털,20214763
2,2D,디지털 가치봄,20214763
3,2D,디지털 수화,20214763
0,2D,디지털,20200524
0,2D,디지털,20205041
1,4D,4D,20205041
2,IMAX,IMAX,20205041
3,DOLBYCINEMA,DOLBYCINEMA,20205041
0,2D,디지털,20217478
1,2D,디지털 더빙,20217478
0,2D,디지털,20200295
1,2D,디지털 영문자막,20200295
0,2D,디지털,20216362
1,DOLBYCINEMA,DOLBYCINEMA,20216362
0,2D,디지털,20194461
1,2D,디지털 가치봄,20194461
0,2D,디지털,20217573
1,2D,디지털 더빙,20217573
0,2D,디지털,20217500
0,필름,필름,20010241
1,2D,디지털,20010241
0,2D,디지털,20217736
1,4D,4D,20217736
2,IMAX,IMAX,20217736
3,DOLBYCINEMA,DOLBYCINEMA,20217736
0,2D,디지털,20216083
0,2D,디지털,20217707
0,2D,디지털,20217121
0,2D,디지털,20217651
1,IMAX,IMAX,20217651
2,DOLBYCINEMA,DOLBYCINEMA,20217651
0,2D,디지털,20217692
1,2D,디지털 더빙,20217692
0,2D,디지털,20204261
1,4D,4D,20204261
2,IMAX,IMAX,20204261
3,DOLBYCINEMA,DOLBYCINEMA,20204261
0,2D,디지털,20202477
0,2D,디지털,20216685
1,2D,디지털 더빙,20216685
2,DOLBYCINEMA,DOLBYCINEMA,20216685
0,2D,디지털,20218240
0,2D,디지털,20217950
1,4D,4D,20217950
2,IMAX,IMAX,20217950
3,DOLBYCINEMA,DOLBYCINEMA,20217950
0,2D,디지털,20216581
0,2D,디지털,20192696
0,2D,디지털,20204790
1,IMAX,IMAX,20204790
2,DOLBYCINEMA,DOLBYCINEMA,20204790
0,2D,디지털,20198161
0,2D,디지털,20218006
0,2D,디지털,20218345
1,4D,4D,20218345
0,2D,디지털,20191951
1,4D,4D,20191951
2,IMAX,IMAX,20191951
3,ScreenX,ScreenX,20191951
4,DOLBYCINEMA,DOLBYCINEMA,20191951
0,2D,디지털,20218364
0,2D,디지털,20218827
0,2D,디지털,20218348
0,2D,디지털,20217490
1,2D,디지털 더빙,20217490
2,DOLBYCINEMA,DOLBYCINEMA,20217490
0,2D,디지털,20218333
0,2D,디지털,20217024
0,2D,디지털,20218391
1,2D,디지털 더빙,20218391
0,2D,디지털,20218567
0,2D,디지털,20218420
0,2D,디지털,20200237
0,2D,디지털,20204117
1,2D,디지털 영문자막,20204117
2,2D,디지털 가치봄,20204117
3,4D,4D,20204117
4,IMAX,IMAX,20204117
5,ScreenX,ScreenX,20204117
0,2D,디지털,20218349
1,4D,4D,20218349
2,IMAX,IMAX,20218349
3,DOLBYCINEMA,DOLBYCINEMA,20218349
0,2D,디지털,20202185
0,2D,디지털,20217845
1,4D,4D,20217845
2,IMAX,IMAX,20217845
3,DOLBYCINEMA,DOLBYCINEMA,20217845
0,2D,디지털 더빙,20218875
0,2D,디지털,20218834
0,2D,디지털,20218815
0,2D,디지털,20196270
1,2D,디지털 가치봄,20196270
0,2D,디지털,20192986
1,4D,4D,20192986
2,IMAX,IMAX,20192986
3,DOLBYCINEMA,DOLBYCINEMA,20192986
0,2D,디지털,20192194
1,2D,디지털 가치봄,20192194
0,2D,디지털,20193385
1,2D,디지털 더빙,20193385
0,2D,디지털,20218392
1,DOLBYCINEMA,DOLBYCINEMA,20218392
0,2D,디지털,20219381
1,2D,디지털 더빙,20219381
0,2D,디지털,20216050
0,2D,디지털,20218653
1,4D,4D,20218653
2,ScreenX,ScreenX,20218653
0,2D,디지털,20218985
1,IMAX,IMAX,20218985
2,DOLBYCINEMA,DOLBYCINEMA,20218985
0,2D,디지털,20219331
0,2D,디지털,20218949
1,2D,디지털 더빙,20218949
0,2D,디지털,20217742
1,4D,4D,20217742
2,IMAX,IMAX,20217742
3,DOLBYCINEMA,DOLBYCINEMA,20217742
0,2D,디지털,20219822
0,2D,디지털,20218904
1,2D,디지털 가치봄,20218904
0,2D,디지털,20161872
1,2D,디지털 더빙,20161872
2,2D,디지털 4K,20161872
3,2D,디지털 가치봄,20161872
4,IMAX,IMAX,20161872
0,2D,디지털,20219185
0,2D,디지털,20190815
1,2D,디지털 가치봄,20190815
0,2D,디지털,20200474
1,2D,디지털 가치봄,20200474
2,2D,디지털 수화,20200474
0,2D,디지털,20216801
1,2D,디지털 더빙,20216801
0,2D,디지털,20218604
1,2D,디지털 더빙,20218604
0,필름,필름,20010291
1,2D,디지털,20010291
2,4D,4D,20010291
0,2D,디지털,20219311
0,2D,디지털,20219770
0,2D,디지털,20210250
0,2D,디지털,20191061
1,4D,4D,20191061
2,IMAX,IMAX,20191061
3,ScreenX,ScreenX,20191061
4,DOLBYCINEMA,DOLBYCINEMA,20191061
0,2D,디지털,20219826
1,2D,디지털 더빙,20219826
0,2D,디지털,20218758
0,필름,필름,20139221
1,2D,디지털,20139221
2,3D,3D 디지털,20139221
3,4D,4D,20139221
4,IMAX,IMAX 3D,20139221
0,2D,디지털,20210142
0,2D,디지털,20218052
1,4D,4D,20218052
2,IMAX,IMAX,20218052
3,ScreenX,ScreenX,20218052
4,DOLBYCINEMA,DOLBYCINEMA,20218052
0,2D,디지털,20203824
0,2D,디지털,20200302
1,2D,디지털 영문자막,20200302
0,2D,디지털,20210304
1,2D,디지털 더빙,20210304
0,2D,디지털,20210087
1,4D,4D,20210087
2,IMAX,IMAX,20210087
3,DOLBYCINEMA,DOLBYCINEMA,20210087
0,2D,디지털,20219115
0,2D,디지털,20210853
0,2D,디지털,20210865
1,2D,디지털 더빙,20210865
0,2D,디지털 더빙,20210682
0,2D,디지털,20210587
0,2D,디지털,20210662
0,2D,디지털,20218256
1,4D,4D,20218256
2,IMAX,IMAX,20218256
3,DOLBYCINEMA,DOLBYCINEMA,20218256
0,2D,디지털,20210262
0,2D,디지털,20219894
0,2D,디지털,20210302
0,2D,디지털,20203286
1,2D,디지털 가치봄,20203286
0,2D,디지털,20210937
1,2D,디지털 더빙,20210937
0,2D,디지털,20210301
0,2D,디지털,20211313
0,2D,디지털,20191243
1,2D,디지털 가치봄,20191243
0,2D,디지털,20201876
0,2D,디지털,20210244
0,2D,디지털,20210600
0,2D,디지털,20211261
0,2D,디지털,20210752
0,2D,디지털,20196264
1,2D,디지털 영문자막,20196264
0,2D,디지털,20210864
1,2D,디지털 더빙,20210864
2,DOLBYCINEMA,DOLBYCINEMA,20210864
0,2D,디지털,20205986
0,2D,디지털,20219056
0,2D,디지털,20196763
1,4D,4D,20196763
2,IMAX,IMAX,20196763
3,ScreenX,ScreenX,20196763
4,DOLBYCINEMA,DOLBYCINEMA,20196763
0,2D,디지털,20210663
0,2D,디지털,20183772
1,2D,디지털 가치봄,20183772
0,2D,디지털,20211271
0,2D,디지털,20212015
0,2D,디지털,20211413
1,4D,4D,20211413
2,ScreenX,ScreenX,20211413
0,2D,디지털,20211831
1,4D,4D,20211831
0,2D,디지털,20210028
1,4D,4D,20210028
2,IMAX,IMAX,20210028
3,ScreenX,ScreenX,20210028
4,DOLBYCINEMA,DOLBYCINEMA,20210028
0,2D,디지털,20212217
1,2D,디지털 더빙,20212217
0,필름,필름,20010264
1,2D,디지털,20010264
0,2D,디지털,20194403
1,4D,4D,20194403
2,DOLBYCINEMA,DOLBYCINEMA,20194403
0,2D,디지털,20211281
1,4D,4D,20211281
2,IMAX,IMAX,20211281
3,DOLBYCINEMA,DOLBYCINEMA,20211281
0,2D,디지털,20211768
1,2D,디지털 더빙,20211768
0,2D,디지털,20218415
1,2D,디지털 가치봄,20218415
0,2D,디지털,20217807
0,2D,디지털,20218390
0,2D,디지털,20212077
0,2D,디지털,20199882
0,2D,디지털,20218764
1,2D,디지털 더빙,20218764
0,2D,디지털,20192354
0,필름,필름,19838068
1,2D,디지털,19838068
0,2D,디지털,20193082
1,IMAX,IMAX,20193082
2,DOLBYCINEMA,DOLBYCINEMA,20193082
0,2D,디지털,20211177
0,2D,디지털,20211241
1,2D,디지털 더빙,20211241
0,2D,디지털,20211740
0,2D,디지털,20212672
0,2D,디지털,20219626
0,2D,디지털,20201965
1,4D,4D,20201965
2,IMAX,IMAX,20201965
0,2D,디지털,20188441
1,2D,디지털 영문자막,20188441
0,2D,디지털,20212952
0,2D,디지털,20219816
0,2D,디지털,20205443
1,DOLBYCINEMA,DOLBYCINEMA,20205443
0,2D,디지털,20212836
0,2D,디지털,20205261
0,2D,디지털,20223278
1,4D,4D,20223278
2,IMAX,IMAX,20223278
3,DOLBYCINEMA,DOLBYCINEMA,20223278
0,2D,디지털,20211200
1,4D,4D,20211200
2,IMAX,IMAX,20211200
3,ScreenX,ScreenX,20211200
4,DOLBYCINEMA,DOLBYCINEMA,20211200
0,2D,디지털 더빙,20223308
0,2D,디지털,20223302
0,2D,디지털,20212741
0,2D,디지털,20208006
0,2D,디지털,20223743
0,2D,디지털,20212708
0,2D,디지털,20212973
1,4D,4D,20212973
2,IMAX,IMAX,20212973
3,ScreenX,ScreenX,20212973
4,DOLBYCINEMA,DOLBYCINEMA,20212973
0,2D,디지털,20190299
0,2D,디지털,20223828
0,2D,디지털,20223953
0,2D,디지털,20223804
0,2D,디지털,20223676
1,4D,4D,20223676
2,IMAX,IMAX,20223676
0,2D,디지털,20210541
0,2D,디지털,20223950
0,2D,디지털,20216064
0,2D,디지털,20199500
0,2D,디지털,20223583
0,2D,디지털,20224069
0,2D,디지털,20224143
0,2D,디지털,20223404
0,2D,디지털,20204431
1,4D,4D,20204431
2,IMAX,IMAX,20204431
3,ScreenX,ScreenX,20204431
4,DOLBYCINEMA,DOLBYCINEMA,20204431
0,2D,디지털,20200418
0,2D,디지털,20219344
0,2D,디지털,20223403
0,2D,디지털,20212618
1,2D,디지털 더빙,20212618
2,4D,4D 더빙,20212618
3,4D,4D,20212618
4,DOLBYCINEMA,DOLBYCINEMA,20212618
0,2D,디지털,20212724
1,IMAX,IMAX,20212724
2,DOLBYCINEMA,DOLBYCINEMA,20212724
0,2D,디지털,20196906
0,2D,디지털,20223614
0,2D,디지털,20217298
0,2D,디지털,20212725
1,4D,4D,20212725
2,IMAX,IMAX,20212725
3,ScreenX,ScreenX,20212725
4,DOLBYCINEMA,DOLBYCINEMA,20212725
0,2D,디지털,20219310
1,2D,디지털 가치봄,20219310
0,2D,디지털,20217023
0,2D,디지털,20204845
0,2D,디지털,20196669
0,2D,디지털,20212783
1,4D,4D,20212783
2,DOLBYCINEMA,DOLBYCINEMA,20212783
0,2D,디지털,20224142
1,4D,4D,20224142
2,ScreenX,ScreenX,20224142
0,2D,디지털,20224270
1,2D,디지털 더빙,20224270
0,2D,디지털,20178501
0,2D,디지털,20217982
0,2D,디지털,20217769
0,2D,디지털,20212855
1,3D,3D 디지털,20212855
2,4D,4D,20212855
3,IMAX,IMAX,20212855
4,ScreenX,ScreenX,20212855
5,DOLBYCINEMA,DOLBYCINEMA,20212855
6,DOLBYCINEMA,DOLBYCINEMA 3D,20212855
0,2D,디지털 더빙,20224148
0,2D,디지털,20210962
0,2D,디지털 더빙,20223388
0,2D,디지털,20204548
1,2D,디지털 영문자막,20204548
2,2D,디지털 가치봄,20204548
3,IMAX,IMAX,20204548
0,2D,디지털,20223940
0,2D,디지털,20224223
0,2D,디지털,20223991
0,2D,디지털,20211568
1,2D,디지털 영문자막,20211568
0,2D,디지털,20211421
0,2D,디지털,20224634
0,2D,디지털,20143441
1,2D,디지털 더빙,20143441
0,2D,디지털,20225055
0,2D,디지털,20217334
0,2D,디지털,20224304
0,2D,디지털,20211382
1,2D,디지털 가치봄,20211382
0,2D,디지털,20206061
1,3D,3D 디지털,20206061
2,4D,4D,20206061
3,IMAX,IMAX,20206061
4,DOLBYCINEMA,DOLBYCINEMA,20206061
0,2D,디지털,20135304
1,2D,디지털 더빙,20135304
0,2D,디지털,20210590
0,2D,디지털,20224468
0,2D,디지털 더빙,20224891
0,2D,디지털,20206257
1,2D,디지털 영문자막,20206257
2,2D,디지털 가치봄,20206257
0,2D,디지털,20194376
1,4D,4D,20194376
2,IMAX,IMAX,20194376
3,ScreenX,ScreenX,20194376
4,DOLBYCINEMA,DOLBYCINEMA,20194376
0,2D,디지털,20218527
0,2D,디지털,20224995
0,2D,디지털,20224882
0,2D,디지털,20223839
1,2D,디지털 더빙,20223839
2,4D,4D 더빙,20223839
3,4D,4D,20223839
4,IMAX,IMAX,20223839
5,DOLBYCINEMA,DOLBYCINEMA,20223839
0,2D,디지털,20210843
0,2D,디지털,20225114
0,2D,디지털,20224757
0,2D,디지털,20209654
1,2D,디지털 영문자막,20209654
2,2D,디지털 가치봄,20209654
0,2D,디지털,20212317
0,2D,디지털,20224662
1,3D,3D 디지털,20224662
2,4D,4D,20224662
3,IMAX,IMAX,20224662
4,IMAX,IMAX 3D,20224662
5,ScreenX,ScreenX,20224662
6,DOLBYCINEMA,DOLBYCINEMA,20224662
7,DOLBYCINEMA,DOLBYCINEMA 3D,20224662
0,2D,디지털,20211321
1,2D,디지털 더빙,20211321
0,필름,필름,19978805
1,2D,디지털,19978805
0,2D,디지털,20225994
0,2D,디지털,20225979
0,2D,디지털,20225237
1,2D,디지털 더빙,20225237
2,4D,4D 더빙,20225237
3,4D,4D,20225237
0,2D,디지털,20225175
1,ScreenX,ScreenX,20225175
2,DOLBYCINEMA,DOLBYCINEMA,20225175
0,2D,디지털,20225186
0,2D,디지털,20225180
0,2D,디지털,20224791
0,2D,디지털,20208446
1,2D,디지털 가치봄,20208446
2,4D,4D,20208446
3,IMAX,IMAX,20208446
0,2D,디지털,20205362
1,2D,디지털 더빙,20205362
2,4D,4D 더빙,20205362
3,4D,4D,20205362
0,2D,디지털,20225293
0,2D,디지털,20209343
1,2D,디지털 가치봄,20209343
2,4D,4D,20209343
3,IMAX,IMAX,20209343
4,ScreenX,ScreenX,20209343
0,2D,디지털,20225190
1,2D,디지털 영문자막,20225190
0,2D,디지털,20196410
1,2D,디지털 가치봄,20196410
2,4D,4D,20196410
3,IMAX,IMAX,20196410
4,ScreenX,ScreenX,20196410
0,2D,디지털,20226207
0,2D,디지털,20226107
1,2D,디지털 더빙,20226107
0,2D,디지털,20211792
1,2D,디지털 가치봄,20211792
0,2D,디지털,20224965
1,2D,디지털 더빙,20224965
0,2D,디지털 더빙,20226034
0,2D,디지털,20219345
1,4D,4D,20219345
2,IMAX,IMAX,20219345
3,DOLBYCINEMA,DOLBYCINEMA,20219345
0,2D,디지털,20225448
1,4D,4D,20225448
2,IMAX,IMAX,20225448
3,ScreenX,ScreenX,20225448
4,DOLBYCINEMA,DOLBYCINEMA,20225448
0,2D,디지털,20217826
1,2D,디지털 가치봄,20217826
0,2D,디지털,20226200
0,2D,디지털,20225556
0,2D,디지털,20208721
0,2D,디지털,20225892
0,2D,디지털,20215601
1,2D,디지털 가치봄,20215601
0,2D,디지털,20226444
0,2D,디지털,20212709
0,2D,디지털,20226125
1,2D,디지털 더빙,20226125
0,2D,디지털,20226679
0,2D,디지털,20225057
1,4D,4D,20225057
0,2D,디지털,20226879
1,ScreenX,ScreenX,20226879
0,2D,디지털,20211472
0,3D,3D HFR,20226957
1,3D,3D 디지털,20226957
2,4D,4D,20226957
3,IMAX,IMAX HFR 3D,20226957
4,IMAX,IMAX 3D,20226957
5,DOLBYCINEMA,DOLBYCINEMA 3D,20226957
0,2D,디지털,20219628
1,2D,디지털 가치봄,20219628
0,2D,디지털,20226751
0,2D,디지털,20198317
1,2D,디지털 가치봄,20198317
2,4D,4D,20198317
0,2D,디지털,20196776
1,ScreenX,ScreenX,20196776
0,2D,디지털 더빙,20226777
0,2D,디지털,20226670
0,2D,디지털,20211244
1,2D,디지털 영문자막,20211244
0,2D,디지털,20225729
0,2D,디지털,20226739
0,2D,디지털,20217624
0,2D,디지털,20227308
1,4D,4D,20227308
2,ScreenX,ScreenX,20227308
3,DOLBYCINEMA,DOLBYCINEMA,20227308
0,2D,디지털,20227304
0,2D,디지털,20226798
1,4D,4D,20226798
2,IMAX,IMAX,20226798
0,2D,디지털,20208101
0,2D,디지털,20227338
0,2D,디지털,20226886
1,4D,4D,20226886
2,IMAX,IMAX,20226886
3,DOLBYCINEMA,DOLBYCINEMA,20226886
0,2D,디지털,20227225
0,2D,디지털,20198429
1,2D,디지털 수화,20198429
0,2D,디지털,20198461
0,2D,디지털 더빙,20226558
0,2D,디지털,20211242
0,2D,디지털,20227751
0,2D,디지털,20226254
1,3D,3D 디지털,20226254
2,4D,4D,20226254
3,IMAX,IMAX,20226254
4,IMAX,IMAX 3D,20226254
5,ScreenX,ScreenX,20226254
6,DOLBYCINEMA,DOLBYCINEMA,20226254
7,DOLBYCINEMA,DOLBYCINEMA 3D,20226254
0,2D,디지털,20228357
0,2D,디지털,20217905
0,2D,디지털,20224598
0,2D,디지털,20227514
0,2D,디지털,20228532
0,2D,디지털,20212665
0,2D,디지털,20227762
1,2D,디지털 가치봄,20227762
0,2D,디지털,20228190
1,2D,디지털 더빙,20228190
2,4D,4D 더빙,20228190
3,4D,4D,20228190
0,2D,디지털,20228297
0,2D,디지털,20227445
1,4D,4D,20227445
2,IMAX,IMAX,20227445
3,DOLBYCINEMA,DOLBYCINEMA,20227445
0,2D,디지털,20205106
0,2D,디지털,20210364
1,2D,디지털 가치봄,20210364
0,2D,디지털,20228308
0,2D,디지털,20228313
0,2D,디지털,20228602
1,4D,4D,20228602
2,ScreenX,ScreenX,20228602
0,2D,디지털,20228640
0,2D,디지털,20227885
0,2D,디지털 더빙,20228655
0,2D,디지털,20225061
1,3D,3D HFR,20225061
2,3D,3D 디지털,20225061
3,4D,4D,20225061
4,IMAX,IMAX 3D,20225061
5,IMAX,IMAX HFR 3D,20225061
6,ScreenX,ScreenX,20225061
7,DOLBYCINEMA,DOLBYCINEMA 3D,20225061
0,2D,디지털,20228277
0,2D,디지털,20196478
1,2D,디지털 가치봄,20196478
0,2D,디지털 더빙,20228829
0,2D,디지털,20228309
0,2D,디지털,20210140
0,2D,디지털,20215315
0,2D,디지털 더빙,20227925
0,2D,디지털,20228555
1,2D,디지털 더빙,20228555
2,IMAX,IMAX,20228555
3,DOLBYCINEMA,DOLBYCINEMA,20228555
0,2D,디지털,20224109
1,2D,디지털 더빙,20224109
2,3D,3D 디지털,20224109
3,3D,3D 더빙,20224109
0,2D,디지털,20228652
0,2D,디지털,20228255
1,2D,디지털 더빙,20228255
0,2D,디지털,20228644
0,2D,디지털,20190808
0,2D,디지털,20214823
1,4D,4D,20214823
2,IMAX,IMAX,20214823
0,2D,디지털,20228895
0,2D,디지털,20229166
1,2D,디지털 더빙,20229166
0,2D,디지털,20229551
0,2D,디지털,20229205
0,2D,디지털,20227374
1,DOLBYCINEMA,DOLBYCINEMA,20227374
0,2D,디지털,20239691
1,4D,4D,20239691
2,ScreenX,ScreenX,20239691
0,필름,필름,19980074
1,2D,디지털,19980074
2,3D,3D 디지털,19980074
3,4D,4D,19980074
4,IMAX,IMAX 3D,19980074
5,DOLBYCINEMA,DOLBYCINEMA 3D,19980074
0,2D,디지털,20223565
1,2D,디지털 영문자막,20223565
0,2D,디지털,20230209
1,3D,3D 디지털,20230209
2,4D,4D,20230209
3,IMAX,IMAX,20230209
4,IMAX,IMAX 3D,20230209
5,ScreenX,ScreenX,20230209
6,DOLBYCINEMA,DOLBYCINEMA,20230209
7,DOLBYCINEMA,DOLBYCINEMA 3D,20230209
0,2D,디지털,20210684
0,2D,디지털,20228966
1,2D,디지털 더빙,20228966
0,2D,디지털,20193706
0,2D,디지털,20239573
0,2D,디지털,20202026
0,2D,디지털,20226270
1,2D,디지털 더빙,20226270
2,2D,디지털 가치봄,20226270
3,4D,4D,20226270
4,IMAX,IMAX,20226270
5,DOLBYCINEMA,DOLBYCINEMA,20226270
0,2D,디지털 더빙,20239913
0,2D,디지털,20208962
1,2D,디지털 가치봄,20208962
0,2D,디지털,20230533
1,4D,4D,20230533
2,IMAX,IMAX,20230533
0,2D,디지털,20230495
1,ScreenX,ScreenX,20230495
0,2D,디지털,20227684
1,2D,디지털 가치봄,20227684
0,2D,디지털,20230200
0,2D,디지털,20197654
1,2D,디지털 영문자막,20197654
2,2D,디지털 가치봄,20197654
3,2D,디지털 수화,20197654
0,2D,디지털,20230081
1,4D,4D,20230081
2,IMAX,IMAX,20230081
3,ScreenX,ScreenX,20230081
4,DOLBYCINEMA,DOLBYCINEMA,20230081
0,2D,디지털,20230484
1,2D,디지털 더빙,20230484
0,2D,디지털,20230340
0,2D,디지털,20230199
0,2D,디지털,20210544
0,2D,디지털,20230767
0,2D,디지털,20239905
1,2D,디지털 더빙,20239905
0,2D,디지털,20226410
1,4D,4D,20226410
2,IMAX,IMAX,20226410
3,ScreenX,ScreenX,20226410
4,DOLBYCINEMA,DOLBYCINEMA,20226410
0,2D,디지털,20230641
0,2D,디지털,20226489
1,2D,디지털 영문자막,20226489
2,2D,디지털 가치봄,20226489
0,2D,디지털,20231010
0,2D,디지털,20231089
1,4D,4D,20231089
2,IMAX,IMAX,20231089
3,DOLBYCINEMA,DOLBYCINEMA,20231089
0,2D,디지털,20231035
0,2D,디지털,20230764
1,2D,디지털 더빙,20230764
0,2D,디지털,20200154
1,2D,디지털 가치봄,20200154
0,2D,디지털,20231009
0,2D,디지털,20225865
0,2D,디지털,20231244
0,2D,디지털,20227890
1,2D,디지털 더빙,20227890
2,3D,3D 디지털,20227890
3,3D,3D 더빙,20227890
4,4D,4D 더빙,20227890
5,4D,4D,20227890
6,IMAX,IMAX,20227890
7,DOLBYCINEMA,DOLBYCINEMA,20227890
8,DOLBYCINEMA,DOLBYCINEMA 3D,20227890
0,2D,디지털,20231004
1,4D,4D,20231004
2,DOLBYCINEMA,DOLBYCINEMA,20231004
0,2D,디지털,20198482
1,2D,디지털 가치봄,20198482
0,2D,디지털,20231164
0,2D,디지털,20210846
0,2D,디지털,20231496
1,3D,3D 디지털,20231496
2,4D,4D,20231496
3,IMAX,IMAX,20231496
4,IMAX,IMAX 3D,20231496
5,ScreenX,ScreenX,20231496
6,DOLBYCINEMA,DOLBYCINEMA,20231496
7,DOLBYCINEMA,DOLBYCINEMA 3D,20231496
0,2D,디지털,20231348
1,2D,디지털 더빙,20231348
2,2D,디지털 가치봄,20231348
0,2D,디지털,20231544
0,2D,디지털,20231437
0,2D,디지털,20218656
0,2D,디지털,20231592
1,4D,4D,20231592
2,IMAX,IMAX,20231592
3,ScreenX,ScreenX,20231592
4,DOLBYCINEMA,DOLBYCINEMA,20231592
0,2D,디지털,20231029
0,2D,디지털,20226411
1,2D,디지털 가치봄,20226411
2,4D,4D,20226411
3,IMAX,IMAX,20226411
0,2D,디지털,20231839
1,2D,디지털 더빙,20231839
2,4D,4D 더빙,20231839
3,4D,4D,20231839
4,IMAX,IMAX,20231839
5,DOLBYCINEMA,DOLBYCINEMA,20231839
6,DOLBYCINEMA,DOLBYCINEMA 더빙,20231839
0,필름,필름,19960041
1,2D,디지털,19960041
0,2D,디지털,20231677
0,필름,필름,20090860
1,필름,더빙,20090860
2,2D,디지털 더빙,20090860
0,2D,디지털,20232025
1,3D,3D 디지털,20232025
2,4D,4D,20232025
3,IMAX,IMAX,20232025
4,DOLBYCINEMA,DOLBYCINEMA,20232025
0,2D,디지털,20228930
1,2D,디지털 더빙,20228930
2,3D,3D 디지털,20228930
3,3D,3D 더빙,20228930
4,4D,4D 더빙,20228930
5,4D,4D,20228930
6,DOLBYCINEMA,DOLBYCINEMA,20228930
0,2D,디지털,20231971
1,4D,4D,20231971
2,IMAX,IMAX,20231971
3,ScreenX,ScreenX,20231971
4,DOLBYCINEMA,DOLBYCINEMA,20231971
0,2D,디지털,20211937
1,2D,디지털 가치봄,20211937
0,2D,디지털,20232180
1,2D,디지털 더빙,20232180
2,4D,4D,20232180
3,IMAX,IMAX,20232180
4,DOLBYCINEMA,DOLBYCINEMA,20232180
0,2D,디지털,20232075
0,2D,디지털,20227654
1,2D,디지털 영문자막,20227654
0,2D,디지털,20232273
1,4D,4D,20232273
2,IMAX,IMAX,20232273
3,ScreenX,ScreenX,20232273
4,DOLBYCINEMA,DOLBYCINEMA,20232273
0,2D,디지털,20232220
0,2D,디지털,20231781
0,2D,디지털,20232631
1,4D,4D,20232631
2,IMAX,IMAX,20232631
3,ScreenX,ScreenX,20232631
4,DOLBYCINEMA,DOLBYCINEMA,20232631
0,2D,디지털,20224579
0,2D,디지털,20232570
1,2D,디지털 더빙,20232570
0,2D,디지털,20231889
0,2D,디지털,20232062
1,2D,디지털 더빙,20232062
0,2D,디지털,20232536
1,2D,디지털 더빙,20232536
2,4D,4D 더빙,20232536
3,4D,4D,20232536
0,2D,디지털,20232740
1,4D,4D,20232740
2,DOLBYCINEMA,DOLBYCINEMA,20232740
0,2D,디지털,20232778
0,2D,디지털,20232639
0,2D,디지털,20232556
1,2D,디지털 더빙,20232556
0,2D,디지털,20218541
1,2D,디지털 한글자막 CC,20218541
2,2D,디지털 가치봄,20218541
3,4D,4D,20218541
4,IMAX,IMAX,20218541
5,ScreenX,ScreenX,20218541
0,2D,디지털,20232491
0,2D,디지털,20218935
1,2D,디지털 한글자막 CC,20218935
2,2D,디지털 가치봄,20218935
3,4D,4D,20218935
4,IMAX,IMAX,20218935
5,DOLBYCINEMA,DOLBYCINEMA,20218935
0,2D,디지털,20193879
0,2D,디지털,20232836
1,2D,디지털 더빙,20232836
0,2D,디지털,20204264
1,2D,디지털 가치봄,20204264
2,4D,4D,20204264
3,IMAX,IMAX,20204264
0,2D,디지털 더빙,20232698
0,2D,디지털,20232618
0,2D,디지털,20226431
1,IMAX,IMAX,20226431
2,DOLBYCINEMA,DOLBYCINEMA,20226431
0,2D,디지털,20226500
1,2D,디지털 수화,20226500
0,2D,디지털,20233052
1,4D,4D,20233052
2,ScreenX,ScreenX,20233052
0,2D,디지털,20192995
0,2D,디지털,20232629
1,2D,디지털 더빙,20232629
0,2D,디지털,20233121
1,2D,디지털 더빙,20233121
0,2D,디지털,20233014
0,2D,디지털,20233075
0,2D,디지털,20223831
0,2D,디지털,20231253
0,2D,디지털,20224667
0,필름,필름,20090379
1,필름,더빙,20090379
2,2D,디지털,20090379
3,2D,디지털 더빙,20090379
4,4D,4D,20090379
5,IMAX,IMAX,20090379
0,2D,디지털,20232948
1,2D,디지털 더빙,20232948
0,2D,디지털,20234044
1,DOLBYCINEMA,DOLBYCINEMA,20234044
0,2D,디지털,20233643
1,2D,디지털 더빙,20233643
0,2D,디지털,20233743
1,IMAX,IMAX,20233743
0,2D,디지털,20228016
0,2D,디지털,20233235
0,2D,디지털,20233411
1,4D,4D,20233411
2,ScreenX,ScreenX,20233411
3,DOLBYCINEMA,DOLBYCINEMA,20233411
0,2D,디지털 더빙,20233597
0,2D,디지털,2023C685
0,2D,디지털,20227410
1,2D,디지털 가치봄,20227410
2,4D,4D,20227410
0,2D,디지털,20197122
1,2D,디지털 한글자막 CC,20197122
2,2D,디지털 가치봄,20197122
3,4D,4D,20197122
4,IMAX,IMAX,20197122
5,ScreenX,ScreenX,20197122
0,2D,디지털,20223896
1,2D,디지털 영문자막,20223896
0,2D,디지털,20234281
1,ScreenX,ScreenX,20234281
2,DOLBYCINEMA,DOLBYCINEMA,20234281
0,2D,디지털,20234099
1,2D,디지털 더빙,20234099
0,2D,디지털 더빙,20234174
0,2D,디지털,20228819
1,2D,디지털 가치봄,20228819
0,2D,디지털,20233879
1,4D,4D,20233879
2,IMAX,IMAX,20233879
3,ScreenX,ScreenX,20233879
4,DOLBYCINEMA,DOLBYCINEMA,20233879
0,2D,디지털,20234253
1,2D,디지털 더빙,20234253
0,2D,디지털,20234277
0,2D,디지털,20227626
1,2D,디지털 한글자막 CC,20227626
2,2D,디지털 가치봄,20227626
0,2D,디지털,20212667
0,2D,디지털,20234133
0,2D,디지털,20232894
0,2D,디지털,20234853
1,4D,4D,20234853
2,DOLBYCINEMA,DOLBYCINEMA,20234853
0,2D,디지털,20234213
1,DOLBYCINEMA,DOLBYCINEMA,20234213
0,2D,디지털,20233178
0,2D,디지털,20233653
1,2D,디지털 더빙,20233653
0,2D,디지털,20234664
1,2D,디지털 더빙,20234664
2,IMAX,IMAX,20234664
3,DOLBYCINEMA,DOLBYCINEMA,20234664
0,2D,디지털,20224517
1,2D,디지털 수화,20224517
0,2D,디지털,20230981
1,2D,디지털 더빙,20230981
0,2D,디지털,20231681
0,2D,디지털,20200622
0,2D,디지털,20234666
0,2D,디지털,20235459
1,IMAX,IMAX,20235459
2,DOLBYCINEMA,DOLBYCINEMA,20235459
0,2D,디지털,20234722
0,2D,디지털,20235034
1,4D,4D,20235034
2,IMAX,IMAX,20235034
3,ScreenX,ScreenX,20235034
4,DOLBYCINEMA,DOLBYCINEMA,20235034
0,2D,디지털,20225894
0,2D,디지털,20235030
1,DOLBYCINEMA,DOLBYCINEMA,20235030
0,2D,디지털,20234797
1,IMAX,IMAX,20234797
2,DOLBYCINEMA,DOLBYCINEMA,20234797
0,2D,디지털 더빙,20234293
0,2D,디지털,20217425
0,2D,디지털,20212866
1,2D,디지털 한글자막 CC,20212866
2,2D,디지털 가치봄,20212866
3,IMAX,IMAX,20212866
0,2D,디지털,20234957
1,2D,디지털 더빙,20234957
0,2D,디지털,20230966
0,2D,디지털,20202247
1,2D,디지털 가치봄,20202247
2,2D,디지털 수화,20202247
0,2D,디지털,20234114
1,2D,디지털 가치봄,20234114
0,2D,디지털,20234798
0,2D,디지털,20235261
0,2D,디지털,20190324
1,2D,디지털 가치봄,20190324
2,2D,디지털 수화,20190324
0,2D,디지털,20235098
1,4D,4D,20235098
2,IMAX,IMAX,20235098
3,ScreenX,ScreenX,20235098
4,DOLBYCINEMA,DOLBYCINEMA,20235098
0,2D,디지털,20234673
0,2D,디지털,20235697
1,ScreenX,ScreenX,20235697
0,2D,디지털,20235698
1,DOLBYCINEMA,DOLBYCINEMA,20235698
0,2D,디지털,20235980
0,2D,디지털,20203702
1,2D,디지털 한글자막 CC,20203702
2,2D,디지털 가치봄,20203702
3,4D,4D,20203702
4,IMAX,IMAX,20203702
5,ScreenX,ScreenX,20203702
6,DOLBYCINEMA,DOLBYCINEMA,20203702
0,2D,디지털,20235735
1,4D,4D,20235735
2,IMAX,IMAX,20235735
3,ScreenX,ScreenX,20235735
4,DOLBYCINEMA,DOLBYCINEMA,20235735
0,2D,디지털,20236146
1,2D,디지털 한글자막 CC,20236146
2,2D,디지털 더빙,20236146
0,2D,디지털,20235596
1,2D,디지털 더빙,20235596
2,4D,4D 더빙,20235596
3,4D,4D,20235596
4,DOLBYCINEMA,DOLBYCINEMA,20235596
0,2D,디지털,20233299
0,2D,디지털 더빙,20236045
0,2D,디지털,20235290
0,2D,디지털,20236080
0,2D,디지털,20235834
1,2D,디지털 더빙,20235834
2,3D,3D 디지털,20235834
3,3D,3D 더빙,20235834
4,4D,4D 더빙,20235834
5,4D,4D,20235834
6,DOLBYCINEMA,DOLBYCINEMA,20235834
0,2D,디지털,20235253
1,4D,4D,20235253
2,IMAX,IMAX,20235253
3,ScreenX,ScreenX,20235253
0,2D,디지털,20235583
1,2D,디지털 더빙,20235583
2,4D,4D 더빙,20235583
3,4D,4D,20235583
4,ScreenX,ScreenX,20235583
5,DOLBYCINEMA,DOLBYCINEMA,20235583
0,2D,디지털,20235353
1,2D,디지털 영문자막,20235353
0,2D,디지털,20236557
1,4D,4D,20236557
0,2D,디지털,20206946
1,2D,디지털 가치봄,20206946
2,2D,디지털 수화,20206946
0,2D,디지털,20235854
0,2D,디지털,20236464
0,2D,디지털,20236180
1,2D,디지털 더빙,20236180
2,4D,4D,20236180
3,IMAX,IMAX,20236180
4,ScreenX,ScreenX,20236180
5,DOLBYCINEMA,DOLBYCINEMA,20236180
0,2D,디지털,20247074
0,2D,디지털,20234730
0,2D,디지털,20246964
1,2D,디지털 더빙,20246964
0,2D,디지털,20212668
0,2D,디지털,20211477
0,2D,디지털,20231415
1,2D,디지털 가치봄,20231415
0,2D,디지털,20234581
1,4D,4D,20234581
2,IMAX,IMAX,20234581
3,ScreenX,ScreenX,20234581
4,DOLBYCINEMA,DOLBYCINEMA,20234581
0,2D,디지털,20246966
0,2D,디지털,20247076
1,4D,4D,20247076
2,IMAX,IMAX,20247076
0,2D,디지털 더빙,20246989
0,2D,디지털,20234675
1,2D,디지털 영문자막,20234675
2,2D,디지털 가치봄,20234675
3,2D,디지털 수화,20234675
4,4D,4D,20234675
5,ScreenX,ScreenX,20234675
0,2D,디지털,20247437
0,2D,디지털,20247219
0,2D,디지털,20247063
0,2D,디지털,20236295
1,4D,4D,20236295
2,IMAX,IMAX,20236295
3,ScreenX,ScreenX,20236295
4,DOLBYCINEMA,DOLBYCINEMA,20236295
0,2D,디지털,20247473
0,2D,디지털,20236732
0,2D,디지털,20234789
1,2D,디지털 영문자막,20234789
0,2D,디지털,20234808
1,2D,디지털 더빙,20234808
0,2D,디지털,20247782
0,2D,디지털,20236488
1,DOLBYCINEMA,DOLBYCINEMA,20236488
0,2D,디지털,20247593
1,2D,디지털 더빙,20247593
0,2D,디지털,20236714
1,2D,디지털 더빙,20236714
2,4D,4D,20236714
3,IMAX,IMAX,20236714
4,DOLBYCINEMA,DOLBYCINEMA,20236714
0,2D,디지털,20248393
0,2D,디지털,20231459
0,2D,디지털,20231041
1,2D,디지털 가치봄,20231041
2,2D,디지털 수화,20231041
0,2D,디지털,20248496
1,4D,4D,20248496
2,IMAX,IMAX,20248496
3,ScreenX,ScreenX,20248496
4,DOLBYCINEMA,DOLBYCINEMA,20248496
0,2D,디지털,20219375
0,2D,디지털,20248222
1,4D,4D,20248222
2,DOLBYCINEMA,DOLBYCINEMA,20248222
0,2D,디지털,20235838
0,2D,디지털,20247673
0,2D,디지털,20247780
1,DOLBYCINEMA,DOLBYCINEMA,20247780
0,2D,디지털,20201502
0,2D,디지털,20236230
0,2D,디지털,20236614
1,2D,디지털 더빙,20236614
2,4D,4D 더빙,20236614
3,4D,4D,20236614
4,ScreenX,ScreenX,20236614
5,DOLBYCINEMA,DOLBYCINEMA,20236614
0,2D,디지털,20247294
0,2D,디지털,20248586
1,IMAX,IMAX,20248586
0,2D,디지털,20248466
0,2D,디지털,20228797
1,2D,디지털 한글자막 CC,20228797
2,2D,디지털 중국어자막,20228797
3,4D,4D,20228797
4,IMAX,IMAX,20228797
0,필름,필름,19950095
1,2D,디지털,19950095
0,2D,디지털,20249318
0,2D,디지털,20248493
1,2D,디지털 더빙,20248493
0,2D,디지털,20247355
1,2D,디지털 영문자막,20247355
0,2D,디지털,20233271
0,2D,디지털,20235613
1,4D,4D,20235613
2,IMAX,IMAX,20235613
3,ScreenX,ScreenX,20235613
4,DOLBYCINEMA,DOLBYCINEMA,20235613
0,2D,디지털,20249313
0,2D,디지털,20249353
0,2D,디지털,20249133
1,2D,디지털 더빙,20249133
0,2D,디지털,20247783
1,4D,4D,20247783
2,IMAX,IMAX,20247783
3,ScreenX,ScreenX,20247783
4,DOLBYCINEMA,DOLBYCINEMA,20247783
0,2D,디지털,20249317
0,필름,필름,19950084
1,2D,디지털,19950084
0,2D,디지털,20170321
1,2D,디지털 가치봄,20170321
0,2D,디지털,20203557
0,2D,디지털,20249507
1,4D,4D,20249507
2,IMAX,IMAX,20249507
3,DOLBYCINEMA,DOLBYCINEMA,20249507
0,2D,디지털,20249305
1,2D,디지털 더빙,20249305
0,2D,디지털,20236674
1,2D,디지털 더빙,20236674
0,2D,디지털,20236653
1,4D,4D,20236653
2,IMAX,IMAX,20236653
3,ScreenX,ScreenX,20236653
4,DOLBYCINEMA,DOLBYCINEMA,20236653
0,2D,디지털,20249416
0,2D,디지털,20234045
1,2D,디지털 한글자막 CC,20234045
0,2D,디지털 더빙,20240162
0,2D,디지털,20191143
1,2D,디지털 가치봄,20191143
2,2D,디지털 수화,20191143
0,2D,디지털,20240125
1,4D,4D,20240125
2,IMAX,IMAX,20240125
3,ScreenX,ScreenX,20240125
0,2D,디지털,20240195
0,2D,디지털,20247397
0,2D,디지털,20235974
1,2D,디지털 더빙,20235974
2,4D,4D 더빙,20235974
3,4D,4D,20235974
4,IMAX,IMAX,20235974
5,DOLBYCINEMA,DOLBYCINEMA,20235974
0,2D,디지털,20218459
0,2D,디지털,20240641
0,2D,디지털,20240479
0,2D,디지털,20248465
1,2D,디지털 한글자막 CC,20248465
2,2D,디지털 가치봄,20248465
3,4D,4D,20248465
0,2D,디지털,20234413
0,2D,디지털,20234622
1,2D,디지털 더빙,20234622
0,2D,디지털,20240189
0,2D,디지털,20208245
1,2D,디지털 베트남어,20208245
2,2D,디지털 수화,20208245
0,2D,디지털,20247811
1,4D,4D,20247811
2,IMAX,IMAX,20247811
3,ScreenX,ScreenX,20247811
4,DOLBYCINEMA,DOLBYCINEMA,20247811
0,2D,디지털,20240541
1,2D,디지털 더빙,20240541
0,2D,디지털,20212932
1,2D,디지털 수화,20212932
0,2D,디지털,20235926
0,2D,디지털,20208911
1,2D,디지털 수화,20208911
2,4D,4D,20208911
0,2D,디지털,20240850
1,2D,디지털 더빙,20240850
0,2D,디지털,20240781
0,2D,디지털,20241343
1,4D,4D,20241343
0,2D,디지털,20240735
0,2D,디지털,20240983
1,2D,디지털 더빙,20240983
2,4D,4D 더빙,20240983
3,4D,4D,20240983
4,IMAX,IMAX,20240983
0,2D,디지털,20247440
1,2D,디지털 더빙,20247440
2,4D,4D 더빙,20247440
3,4D,4D,20247440
4,ScreenX,ScreenX,20247440
5,DOLBYCINEMA,DOLBYCINEMA,20247440
0,2D,디지털,20241984
0,2D,디지털,20247781
1,4D,4D,20247781
2,IMAX,IMAX,20247781
3,ScreenX,ScreenX,20247781
4,DOLBYCINEMA,DOLBYCINEMA,20247781
0,2D,디지털,20224666
1,2D,디지털 한글자막 CC,20224666
0,2D,디지털,20249733
0,2D,디지털,20242098
0,2D,디지털,20233038
1,2D,디지털 가치봄,20233038
0,2D,디지털,20241924
0,2D,디지털,20241337
1,4D,4D,20241337
2,IMAX,IMAX,20241337
3,ScreenX,ScreenX,20241337
4,DOLBYCINEMA,DOLBYCINEMA,20241337
0,2D,디지털,20249188
1,4D,4D,20249188
2,IMAX,IMAX,20249188
3,ScreenX,ScreenX,20249188
4,DOLBYCINEMA,DOLBYCINEMA,20249188
0,2D,디지털,20204271
1,2D,디지털 가치봄,20204271
2,2D,디지털 수화,20204271
0,2D,디지털,20231042
1,2D,디지털 한글자막 CC,20231042
0,2D,디지털,20242473
1,2D,디지털 영문자막,20242473
2,2D,디지털 일어자막,20242473
3,2D,디지털 중국어자막,20242473
4,4D,4D,20242473
5,ScreenX,ScreenX,20242473
0,2D,디지털,20225969
0,2D,디지털,20229365
0,2D,디지털,20241098
1,4D,4D,20241098
2,IMAX,IMAX,20241098
0,2D,디지털,20242794
1,IMAX,IMAX,20242794
2,ScreenX,ScreenX,20242794
0,2D,디지털,20226545
1,2D,디지털 영문자막,20226545
0,2D,디지털,20240925
0,2D,디지털,20242541
1,DOLBYCINEMA,DOLBYCINEMA,20242541
0,2D,디지털,20240669
1,4D,4D,20240669
2,IMAX,IMAX,20240669
3,ScreenX,ScreenX,20240669
4,DOLBYCINEMA,DOLBYCINEMA,20240669
0,2D,디지털,20239670
1,2D,디지털 영문자막,20239670
2,2D,디지털 한글자막 CC,20239670
3,4D,4D,20239670
4,IMAX,IMAX,20239670
5,DOLBYCINEMA,DOLBYCINEMA,20239670
0,2D,디지털,20242495
0,2D,디지털,20243824
1,2D,디지털 더빙,20243824
0,2D,디지털,20249554
0,필름,필름,20149629
1,2D,디지털,20149629
0,2D,디지털,20249899
1,2D,디지털 더빙,20249899
2,4D,4D 더빙,20249899
3,4D,4D,20249899
4,IMAX,IMAX,20249899
5,DOLBYCINEMA,DOLBYCINEMA,20249899
6,DOLBYCINEMA,DOLBYCINEMA 더빙,20249899
0,2D,디지털,20234613
0,2D,디지털,20244002
0,2D,디지털,20243721
0,2D,디지털,20249434
1,4D,4D,20249434
2,IMAX,IMAX,20249434
3,ScreenX,ScreenX,20249434
4,DOLBYCINEMA,DOLBYCINEMA,20249434
0,2D,디지털,20232949
1,2D,디지털 영문자막,20232949
2,2D,디지털 한글자막 CC,20232949
0,2D,디지털,20248492
1,2D,디지털 더빙,20248492
2,4D,4D 더빙,20248492
3,4D,4D,20248492
4,ScreenX,ScreenX,20248492
5,DOLBYCINEMA,DOLBYCINEMA,20248492
0,2D,디지털,2022B512
0,2D,디지털,20244001
1,2D,디지털 더빙,20244001
0,2D,디지털,20244341
0,2D,디지털,20227979
0,2D,디지털,20185249
0,2D,디지털,20241497
0,2D,디지털,20248129
0,2D,디지털,20244944
0,2D,디지털,20240941
1,4D,4D,20240941
2,IMAX,IMAX,20240941
3,ScreenX,ScreenX,20240941
4,DOLBYCINEMA,DOLBYCINEMA,20240941
0,2D,디지털,20244587
1,2D,디지털 더빙,20244587
0,2D,디지털 더빙,20244945
0,2D,디지털,20244513
0,2D,디지털,20233057
0,2D,디지털,20245399
0,2D,디지털,20242375
0,2D,디지털,20244257
1,2D,디지털 더빙,20244257
0,2D,디지털,20233261
1,2D,디지털 한글자막 CC,20233261
2,2D,디지털 가치봄,20233261
0,2D,디지털,20245078
1,4D,4D,20245078
2,IMAX,IMAX,20245078
0,2D,디지털,20245121
0,2D,디지털,20244912
0,2D,디지털,20242170
1,2D,디지털 더빙,20242170
0,2D,디지털,20242248
1,4D,4D,20242248
2,IMAX,IMAX,20242248
3,ScreenX,ScreenX,20242248
4,DOLBYCINEMA,DOLBYCINEMA,20242248
0,2D,디지털,20190353
0,2D,디지털,20179281
0,2D,디지털,20247693
1,2D,디지털 더빙,20247693
2,4D,4D 더빙,20247693
3,4D,4D,20247693
4,IMAX,IMAX,20247693
5,IMAX,IMAX 더빙,20247693
6,ScreenX,ScreenX,20247693
7,DOLBYCINEMA,DOLBYCINEMA,20247693
8,DOLBYCINEMA,DOLBYCINEMA 더빙,20247693
0,2D,디지털,20225184
0,2D,디지털,20245801
1,4D,4D,20245801
0,2D,디지털,20240737
1,2D,디지털 더빙,20240737
2,4D,4D 더빙,20240737
3,4D,4D,20240737
4,DOLBYCINEMA,DOLBYCINEMA,20240737
0,2D,디지털,20212352
1,2D,디지털 가치봄,20212352
0,2D,디지털,20247017
1,2D,디지털 가치봄,20247017
2,2D,디지털 수화,20247017
0,2D,디지털,20200142
0,2D,디지털,20246609
1,IMAX,IMAX,20246609
0,2D,디지털,20235994
0,2D,디지털,20244762
0,2D,디지털,20247430
0,2D,디지털,20240193
1,2D,디지털 더빙,20240193
2,4D,4D 더빙,20240193
3,4D,4D,20240193
4,IMAX,IMAX,20240193
5,ScreenX,ScreenX,20240193
6,DOLBYCINEMA,DOLBYCINEMA,20240193
0,2D,디지털 더빙,20245977
1,2D,디지털 가치봄,20245977
0,2D,디지털,20228796
1,2D,디지털 가치봄,20228796
2,IMAX,IMAX,20228796
3,DOLBYCINEMA,DOLBYCINEMA,20228796
0,2D,디지털,20246201
1,2D,디지털 더빙,20246201
0,2D,디지털,20246361
0,2D,디지털,20246777
1,2D,디지털 4K,20246777
0,2D,디지털,20190300
1,2D,디지털 가치봄,20190300
0,2D,디지털,20244167
1,2D,디지털 더빙,20244167
2,4D,4D 더빙,20244167
3,4D,4D,20244167
4,ScreenX,ScreenX,20244167
0,2D,디지털,20244850
1,IMAX,IMAX,20244850
2,DOLBYCINEMA,DOLBYCINEMA,20244850
0,2D,디지털,20248082
