,genreNm,movieCd
0,전쟁,20030410
0,판타지,20030316
1,어드벤처,20030316
0,코미디,20030420
0,멜로/로맨스,20030404
1,드라마,20030404
2,코미디,20030404
0,판타지,20030426
1,어드벤처,20030426
0,스릴러,20030350
0,드라마,20030408
0,액션,20030430
0,액션,20030433
1,멜로/로맨스,20030433
0,코미디,20030435
0,어드벤처,20040442
1,가족,20040442
2,판타지,20040442
0,드라마,20040441
0,드라마,20030436
0,액션,20040443
0,드라마,20030434
0,코미디,20030439
0,스릴러,20030437
0,전쟁,20030371
1,드라마,20030371
0,액션,20030206
0,코미디,20040467
0,코미디,20040460
0,액션,20040459
0,드라마,20040451
0,코미디,20040463
0,액션,20030440
0,드라마,20030413
1,코미디,20030413
0,코미디,20040446
0,전쟁,20040461
0,멜로/로맨스,20040476
1,액션,20040476
0,SF,20040448
0,코미디,20040447
0,코미디,20040464
0,드라마,20040505
0,판타지,20040462
0,드라마,20040479
0,멜로/로맨스,20040465
0,코미디,20040471
0,코미디,20040456
0,액션,20040512
0,드라마,20040509
0,액션,20040519
0,멜로/로맨스,20040513
0,코미디,20040482
0,드라마,20040496
0,드라마,20040506
0,드라마,20040525
0,코미디,20040481
0,코미디,20040486
0,멜로/로맨스,20040522
0,공포(호러),20040528
0,드라마,20040514
0,멜로/로맨스,20040499
0,액션,20040523
0,스릴러,20040487
0,코미디,20040526
0,드라마,20040455
0,스릴러,20040524
0,코미디,20040537
1,멜로/로맨스,20040537
0,멜로/로맨스,20040521
0,액션,20040488
1,드라마,20040488
0,스릴러,20040533
0,액션,20040544
0,코미디,20040543
0,드라마,20040483
0,드라마,20040489
0,애니메이션,20040549
0,액션,20040556
0,공포(호러),20040553
1,스릴러,20040553
0,사극,20040555
0,액션,20040484
0,액션,20040570
0,공포(호러),20040569
0,멜로/로맨스,20040568
1,드라마,20040568
0,SF,20040490
0,코미디,20040588
0,공포(호러),20040589
0,공포(호러),20040591
0,코미디,20040559
0,애니메이션,20040566
0,공포(호러),20040571
0,멜로/로맨스,20040582
0,드라마,20040592
0,드라마,20040579
0,드라마,20040583
0,코미디,20040584
0,SF,20040491
0,드라마,20040515
0,코미디,20040595
0,코미디,20040567
0,공포(호러),20040605
0,드라마,20040598
0,드라마,20040585
0,드라마,20040576
0,사극,20040573
0,코미디,20040498
0,다큐멘터리,20040610
0,코미디,20040586
0,SF,20040597
0,액션,20040580
0,코미디,20040624
1,멜로/로맨스,20040624
0,공포(호러),20040614
0,드라마,20040612
1,멜로/로맨스,20040612
0,공포(호러),20040593
0,스릴러,20040625
0,액션,20040596
0,코미디,20040617
0,SF,20040618
0,전쟁,20040613
0,액션,20040615
0,코미디,20040616
0,공포(호러),20040637
0,SF,20040623
0,드라마,20040631
0,공포(호러),20040600
0,코미디,20040532
0,드라마,20040554
0,코미디,20040659
0,SF,20040648
0,코미디,20040581
0,미스터리,20040608
1,범죄,20040608
0,공포(호러),20040607
0,멜로/로맨스,20040640
1,액션,20040640
0,드라마,20040647
0,코미디,20040649
1,공포(호러),20040649
2,판타지,20040649
0,코미디,20040642
1,드라마,20040642
2,어드벤처,20040642
3,액션,20040642
0,드라마,20040619
0,드라마,20040654
1,멜로/로맨스,20040654
0,드라마,20040651
0,공포(호러),20040650
0,액션,20040669
0,액션,20040670
0,코미디,20040663
0,코미디,20040676
0,드라마,20040628
0,멜로/로맨스,20040656
0,애니메이션,20040686
1,SF,20040686
0,액션,20040655
0,드라마,20040690
0,드라마,20040688
0,코미디,20040641
0,스릴러,20040658
0,드라마,20040689
0,드라마,20040680
0,액션,20040692
0,스릴러,20040671
1,멜로/로맨스,20040671
0,멜로/로맨스,20040695
1,판타지,20040695
0,멜로/로맨스,20040685
0,멜로/로맨스,20040673
0,액션,20040696
0,코미디,20040694
0,드라마,20040698
0,멜로/로맨스,20040723
0,드라마,20040716
0,드라마,20040712
0,코미디,20040708
0,코미디,20040657
0,드라마,20040700
0,공포(호러),20040731
0,드라마,20040704
0,코미디,20040711
0,범죄,20040732
0,멜로/로맨스,20040734
0,액션,20040720
0,드라마,20040738
1,전쟁,20040738
0,드라마,20040472
1,코미디,20040472
0,애니메이션,20040739
1,판타지,20040739
2,SF,20040739
0,스릴러,20040715
0,드라마,20040752
0,드라마,20040672
0,뮤지컬,20040721
1,드라마,20040721
0,멜로/로맨스,20040743
1,드라마,20040743
0,드라마,20040682
0,액션,20040717
0,애니메이션,20040745
0,코미디,20040736
0,애니메이션,20040756
0,애니메이션,20040748
0,코미디,20040766
0,코미디,20040746
0,전쟁,20040706
1,드라마,20040706
0,액션,20040755
0,코미디,20040750
0,애니메이션,20040744
1,코미디,20040744
0,범죄,20048103
1,코미디,20048103
0,코미디,20040774
0,코미디,20040776
0,드라마,20040775
0,SF,20040705
0,액션,20040790
0,액션,20040791
0,드라마,20040786
0,드라마,20040785
0,코미디,20040779
0,코미디,20050008
0,미스터리,20050007
1,코미디,20050007
0,멜로/로맨스,20040798
1,드라마,20040798
0,액션,20040781
0,드라마,20040797
0,드라마,20050010
1,액션,20050010
2,스릴러,20050010
3,판타지,20050010
0,코미디,20050011
0,드라마,20040749
1,어드벤처,20040749
2,멜로/로맨스,20040749
0,드라마,20040793
0,공포(호러),20040771
0,드라마,20050023
1,어드벤처,20050023
2,코미디,20050023
0,드라마,20050018
1,공포(호러),20050018
2,스릴러,20050018
0,드라마,20050004
0,코미디,20050016
0,드라마,20050012
0,드라마,20050027
0,코미디,20040778
0,드라마,20050028
0,멜로/로맨스,20050033
1,코미디,20050033
0,스릴러,20050014
1,공포(호러),20050014
0,드라마,20050041
1,전쟁,20050041
2,미스터리,20050041
0,드라마,20040751
0,코미디,20050013
1,액션,20050013
0,스릴러,20050037
0,드라마,20050042
1,멜로/로맨스,20050042
2,판타지,20050042
0,드라마,20040702
0,드라마,20040741
0,드라마,20050009
1,멜로/로맨스,20050009
0,드라마,20050049
0,액션,20050017
0,액션,20050048
1,코미디,20050048
0,애니메이션,20050039
1,액션,20050039
2,어드벤처,20050039
0,드라마,20050029
0,스릴러,20040754
0,공포(호러),20050058
1,미스터리,20050058
2,스릴러,20050058
0,코미디,20050030
0,코미디,20040772
0,코미디,20050034
0,공포(호러),20040687
0,드라마,20050060
0,드라마,20050069
1,스릴러,20050069
0,드라마,20050077
0,범죄,20050065
1,액션,20050065
2,스릴러,20050065
3,어드벤처,20050065
0,공포(호러),20050072
0,스릴러,20050076
0,액션,20050078
0,코미디,20050074
1,드라마,20050074
0,애니메이션,20050093
1,코미디,20050093
2,가족,20050093
0,드라마,20050061
0,드라마,20050095
0,스릴러,20050046
0,멜로/로맨스,20050083
1,코미디,20050083
0,공포(호러),20050101
0,드라마,20050092
1,코미디,20050092
2,멜로/로맨스,20050092
0,드라마,20050105
0,SF,20050085
0,드라마,20050045
0,공포(호러),20050087
0,드라마,20050117
1,스릴러,20050117
2,범죄,20050117
3,코미디,20050117
0,공포(호러),20050062
0,액션,20050126
1,코미디,20050126
0,드라마,20050015
0,드라마,20050110
1,코미디,20050110
2,멜로/로맨스,20050110
0,코미디,20050064
0,멜로/로맨스,20050113
1,액션,20050113
2,어드벤처,20050113
3,스릴러,20050113
0,공포(호러),20040638
0,범죄,20050112
1,액션,20050112
2,판타지,20050112
0,액션,20050115
1,어드벤처,20050115
0,공포(호러),20050135
0,범죄,20050084
1,스릴러,20050084
2,액션,20050084
0,공포(호러),20050129
0,공포(호러),20050131
0,드라마,20050123
1,멜로/로맨스,20050123
0,드라마,20050137
1,액션,20050137
2,SF,20050137
3,스릴러,20050137
0,공포(호러),20050130
1,액션,20050130
2,드라마,20050130
3,범죄,20050130
0,애니메이션,20050140
1,코미디,20050140
2,어드벤처,20050140
0,액션,20050141
0,공포(호러),20050142
0,SF,20050144
1,드라마,20050144
2,액션,20050144
3,스릴러,20050144
0,SF,20050147
1,액션,20050147
2,판타지,20050147
3,가족,20050147
0,스릴러,20050148
0,액션,20050179
1,어드벤처,20050179
2,스릴러,20050179
0,코미디,20050168
0,공포(호러),20050176
0,전쟁,20050180
1,드라마,20050180
0,액션,20040626
0,코미디,20050154
0,드라마,20050178
1,코미디,20050178
2,미스터리,20050178
0,액션,20050145
1,SF,20050145
2,판타지,20050145
0,공포(호러),20050160
0,애니메이션,20050163
1,드라마,20050163
2,판타지,20050163
0,다큐멘터리,20050181
0,애니메이션,20050143
1,액션,20050143
2,가족,20050143
3,스릴러,20050143
0,코미디,20050189
0,액션,20050186
0,공포(호러),20050190
0,코미디,20050165
1,가족,20050165
2,판타지,20050165
0,코미디,20050185
0,코미디,20050205
1,멜로/로맨스,20050205
2,판타지,20050205
0,코미디,20050198
1,드라마,20050198
0,드라마,20050191
1,스릴러,20050191
0,공포(호러),20050182
1,드라마,20050182
2,스릴러,20050182
3,미스터리,20050182
0,범죄,20050207
1,액션,20050207
0,코미디,20050108
0,멜로/로맨스,20050216
1,액션,20050216
0,공포(호러),20050218
1,액션,20050218
2,스릴러,20050218
0,코미디,20050219
0,멜로/로맨스,20050220
0,스릴러,20050221
1,액션,20050221
0,드라마,20050222
0,코미디,20050225
1,가족,20050225
2,판타지,20050225
0,액션,20050164
1,스릴러,20050164
0,멜로/로맨스,20050239
0,액션,20050233
0,코미디,20050237
0,액션,20050238
0,멜로/로맨스,20050245
0,애니메이션,20050228
1,코미디,20050228
0,멜로/로맨스,20050232
0,코미디,20050249
1,멜로/로맨스,20050249
2,드라마,20050249
0,액션,20050258
1,어드벤처,20050258
2,판타지,20050258
0,드라마,20050250
1,멜로/로맨스,20050250
2,스릴러,20050250
0,액션,20050229
1,드라마,20050229
2,범죄,20050229
0,드라마,20050256
0,드라마,20050257
0,드라마,20050152
0,액션,20050259
0,코미디,20050261
0,범죄,20050271
1,스릴러,20050271
0,액션,20050263
0,코미디,20050254
0,애니메이션,20050253
1,드라마,20050253
2,멜로/로맨스,20050253
3,판타지,20050253
0,드라마,20050276
0,애니메이션,20050278
1,코미디,20050278
2,가족,20050278
3,어드벤처,20050278
0,코미디,20050277
1,멜로/로맨스,20050277
2,드라마,20050277
0,드라마,20050275
1,스릴러,20050275
0,액션,20050280
0,드라마,20050255
0,드라마,20050283
0,멜로/로맨스,20050082
0,판타지,20050291
1,가족,20050291
2,어드벤처,20050291
0,액션,20050288
0,액션,20050290
1,드라마,20050290
2,범죄,20050290
3,스릴러,20050290
0,코미디,20050289
1,드라마,20050289
2,멜로/로맨스,20050289
0,코미디,20050292
0,드라마,20050305
0,드라마,20050284
0,액션,20050310
1,판타지,20050310
0,드라마,20050318
1,범죄,20050318
0,코미디,20050319
1,멜로/로맨스,20050319
0,액션,20050320
1,공포(호러),20050320
2,SF,20050320
0,코미디,20050322
1,멜로/로맨스,20050322
0,멜로/로맨스,20050306
0,드라마,20050323
0,드라마,20050326
1,액션,20050326
0,드라마,20050324
1,어드벤처,20050324
0,멜로/로맨스,20050331
1,드라마,20050331
2,코미디,20050331
0,코미디,20050330
0,드라마,20050332
0,코미디,20050321
0,드라마,20050333
0,가족,20050338
1,어드벤처,20050338
2,판타지,20050338
0,드라마,20050342
0,코미디,20050346
0,뮤지컬,20050353
0,액션,20050345
0,코미디,20050352
1,드라마,20050352
0,드라마,20060010
0,코미디,20050363
0,드라마,20050349
1,스릴러,20050349
2,범죄,20050349
0,드라마,20050361
1,가족,20050361
2,어드벤처,20050361
0,멜로/로맨스,20050359
1,액션,20050359
2,판타지,20050359
0,멜로/로맨스,20050354
1,드라마,20050354
0,애니메이션,20050364
1,코미디,20050364
2,어드벤처,20050364
0,드라마,20050362
0,코미디,20050360
1,가족,20050360
0,코미디,20060017
1,드라마,20060017
0,스릴러,20060016
1,드라마,20060016
2,범죄,20060016
0,멜로/로맨스,20060015
1,코미디,20060015
0,애니메이션,20060022
0,코미디,20060019
1,액션,20060019
2,멜로/로맨스,20060019
0,공포(호러),20050351
1,스릴러,20050351
0,액션,20060024
1,스릴러,20060024
2,범죄,20060024
0,사극,20050355
1,코미디,20050355
0,액션,20060031
1,공포(호러),20060031
2,판타지,20060031
0,드라마,20060025
1,범죄,20060025
2,미스터리,20060025
0,코미디,20060038
0,드라마,20060040
0,멜로/로맨스,20050350
0,드라마,20060042
0,멜로/로맨스,20060026
1,코미디,20060026
0,코미디,20050344
0,코미디,20060046
0,액션,20060048
0,멜로/로맨스,20060047
0,코미디,20060051
1,멜로/로맨스,20060051
0,멜로/로맨스,20060033
1,드라마,20060033
0,액션,20060050
0,코미디,20060045
0,코미디,20060057
1,범죄,20060057
0,스릴러,20060056
0,코미디,20050308
0,스릴러,20060067
1,드라마,20060067
0,드라마,20060064
0,스릴러,20060068
1,멜로/로맨스,20060068
0,애니메이션,20060018
1,코미디,20060018
0,드라마,20060073
1,범죄,20060073
2,미스터리,20060073
0,액션,20060076
0,멜로/로맨스,20060075
1,코미디,20060075
0,스릴러,20060037
0,드라마,20060080
0,공포(호러),20060052
0,멜로/로맨스,20060077
1,드라마,20060077
0,멜로/로맨스,20060082
1,드라마,20060082
0,애니메이션,20060299
1,코미디,20060299
0,액션,20060089
1,범죄,20060089
0,드라마,20060087
1,범죄,20060087
0,애니메이션,20060090
1,코미디,20060090
2,어드벤처,20060090
0,코미디,20060088
1,드라마,20060088
0,공포(호러),20060091
1,스릴러,20060091
0,액션,20060100
0,드라마,20060005
1,코미디,20060005
2,가족,20060005
0,멜로/로맨스,20060085
1,드라마,20060085
0,액션,20060107
0,드라마,20060093
0,애니메이션,20060119
1,코미디,20060119
0,애니메이션,20060084
1,어드벤처,20060084
0,공포(호러),20060113
1,드라마,20060113
0,코미디,20060112
0,스릴러,20060121
0,미스터리,20060117
1,스릴러,20060117
0,드라마,20060123
0,액션,20060134
0,드라마,20060124
0,코미디,20060125
0,멜로/로맨스,20060126
1,코미디,20060126
0,액션,20060129
1,드라마,20060129
2,스릴러,20060129
0,애니메이션,20060130
1,코미디,20060130
0,범죄,20060135
0,코미디,20060070
1,범죄,20060070
0,공포(호러),20060161
0,공포(호러),20060152
0,액션,20060145
1,범죄,20060145
0,SF,20060136
1,액션,20060136
0,액션,20060137
1,범죄,20060137
2,드라마,20060137
0,스릴러,20060144
0,액션,20060138
1,드라마,20060138
0,공포(호러),20060164
0,스릴러,20060156
1,범죄,20060156
0,액션,20060155
0,액션,20060179
1,코미디,20060179
0,SF,20060148
1,액션,20060148
2,판타지,20060148
0,공포(호러),20060157
0,애니메이션,20050313
1,코미디,20050313
2,액션,20050313
3,SF,20050313
4,범죄,20050313
0,스릴러,20060139
0,액션,20060146
1,코미디,20060146
2,어드벤처,20060146
3,판타지,20060146
0,공포(호러),20060160
0,애니메이션,20060180
1,가족,20060180
0,드라마,20060147
1,액션,20060147
0,다큐멘터리,20060196
0,애니메이션,20060149
1,액션,20060149
2,코미디,20060149
0,액션,20060173
1,범죄,20060173
0,액션,20060193
1,SF,20060193
0,애니메이션,20060204
1,어드벤처,20060204
0,공포(호러),20060207
0,SF,20060151
1,가족,20060151
2,드라마,20060151
0,공포(호러),20060202
0,애니메이션,20060194
1,코미디,20060194
0,공포(호러),20060208
0,공포(호러),20060210
0,드라마,20060191
0,공포(호러),20060227
0,공포(호러),20060197
1,코미디,20060197
2,애니메이션,20060197
0,드라마,20060214
0,코미디,20060218
1,멜로/로맨스,20060218
0,애니메이션,20060212
1,판타지,20060212
2,어드벤처,20060212
0,공포(호러),20060224
0,액션,20060219
0,멜로/로맨스,20060220
1,드라마,20060220
0,코미디,20060223
1,멜로/로맨스,20060223
0,드라마,20060185
0,액션,20060225
1,코미디,20060225
0,드라마,20060229
0,코미디,20060245
1,판타지,20060245
0,액션,20060240
1,SF,20060240
0,드라마,20060241
0,드라마,20060222
1,코미디,20060222
0,드라마,20060247
1,멜로/로맨스,20060247
0,멜로/로맨스,20060140
1,드라마,20060140
0,멜로/로맨스,20060242
1,드라마,20060242
0,액션,20060231
1,코미디,20060231
0,범죄,20060232
1,드라마,20060232
0,범죄,20060233
1,드라마,20060233
0,멜로/로맨스,20060177
1,코미디,20060177
0,드라마,20060244
0,범죄,20060234
1,스릴러,20060234
0,코미디,20060257
0,사극,20060258
1,멜로/로맨스,20060258
0,드라마,20060276
1,코미디,20060276
0,드라마,20060250
1,판타지,20060250
0,드라마,20060277
0,드라마,20060284
0,코미디,20060291
0,액션,20060259
0,코미디,20060272
1,뮤지컬,20060272
2,판타지,20060272
0,애니메이션,20060237
1,코미디,20060237
0,드라마,20060262
0,판타지,20060215
0,드라마,20060292
1,액션,20060292
0,액션,20060278
0,드라마,20060264
0,액션,20060236
1,드라마,20060236
0,드라마,20060279
0,멜로/로맨스,20060288
1,드라마,20060288
0,범죄,20060301
1,스릴러,20060301
2,드라마,20060301
0,코미디,20060280
1,범죄,20060280
0,스릴러,20060340
0,액션,20060281
0,멜로/로맨스,20060316
1,드라마,20060316
0,드라마,20060261
1,범죄,20060261
2,액션,20060261
0,공포(호러),20060192
1,스릴러,20060192
0,코미디,20060283
0,코미디,20060352
0,드라마,20060311
1,멜로/로맨스,20060311
0,공포(호러),20060310
0,액션,20060353
0,드라마,20060337
0,애니메이션,20060315
1,코미디,20060315
2,액션,20060315
0,멜로/로맨스,20060334
0,드라마,20060347
1,판타지,20060347
2,전쟁,20060347
0,공포(호러),20060354
1,스릴러,20060354
0,멜로/로맨스,20060338
1,드라마,20060338
0,멜로/로맨스,20060339
1,드라마,20060339
0,SF,20060356
1,멜로/로맨스,20060356
2,판타지,20060356
0,멜로/로맨스,20060369
1,코미디,20060369
0,코미디,20060364
1,멜로/로맨스,20060364
0,멜로/로맨스,20060387
1,코미디,20060387
0,코미디,20060348
1,멜로/로맨스,20060348
0,드라마,20060373
1,미스터리,20060373
2,스릴러,20060373
0,애니메이션,20060351
1,가족,20060351
2,판타지,20060351
0,코미디,20060319
1,어드벤처,20060319
0,액션,20060370
1,드라마,20060370
2,판타지,20060370
0,액션,20060358
0,애니메이션,20060318
1,코미디,20060318
0,코미디,20060396
0,드라마,20060388
0,코미디,20060365
1,판타지,20060365
0,액션,20060357
1,코미디,20060357
0,코미디,20060392
1,드라마,20060392
0,애니메이션,20060383
1,코미디,20060383
2,어드벤처,20060383
3,가족,20060383
0,코미디,20060403
0,드라마,20060389
0,판타지,20060345
1,드라마,20060345
2,액션,20060345
3,스릴러,20060345
0,드라마,20060412
0,범죄,20060405
1,드라마,20060405
2,스릴러,20060405
0,액션,20060390
0,전쟁,20060391
1,드라마,20060391
2,액션,20060391
0,드라마,20060413
1,스릴러,20060413
0,코미디,20060407
0,애니메이션,20070005
1,코미디,20070005
0,멜로/로맨스,20060417
1,코미디,20060417
0,액션,20060410
1,드라마,20060410
0,애니메이션,20060408
1,가족,20060408
2,판타지,20060408
0,드라마,20060409
0,드라마,20070015
1,스릴러,20070015
0,코미디,20060397
1,드라마,20060397
2,판타지,20060397
0,액션,20060419
1,어드벤처,20060419
0,드라마,20060421
1,멜로/로맨스,20060421
2,코미디,20060421
0,코미디,20070021
0,드라마,20060375
1,코미디,20060375
2,가족,20060375
0,드라마,20070014
1,코미디,20070014
0,코미디,20070020
1,드라마,20070020
0,어드벤처,20060422
1,드라마,20060422
2,가족,20060422
3,판타지,20060422
0,드라마,20070013
1,사극,20070013
2,전쟁,20070013
0,드라마,20060398
1,액션,20060398
0,다큐멘터리,20070028
1,드라마,20070028
0,드라마,20060423
1,뮤지컬,20060423
0,코미디,20070010
1,드라마,20070010
0,드라마,20070009
0,공포(호러),20070041
1,스릴러,20070041
0,멜로/로맨스,20070034
1,드라마,20070034
0,드라마,20060430
1,가족,20060430
0,드라마,20070042
1,코미디,20070042
0,스릴러,20070025
1,드라마,20070025
2,범죄,20070025
0,드라마,20070036
1,멜로/로맨스,20070036
2,판타지,20070036
0,액션,20070043
1,코미디,20070043
2,스릴러,20070043
3,범죄,20070043
0,액션,20070033
0,코미디,20060420
0,멜로/로맨스,20070037
1,드라마,20070037
0,드라마,20070044
1,코미디,20070044
0,드라마,20070083
1,스릴러,20070083
0,스릴러,20070071
0,액션,20070066
0,코미디,20060282
1,멜로/로맨스,20060282
0,드라마,20070102
1,어드벤처,20070102
0,코미디,20070084
0,스릴러,20070047
0,드라마,20070029
1,스릴러,20070029
2,전쟁,20070029
0,액션,20070072
0,코미디,20070108
1,드라마,20070108
2,멜로/로맨스,20070108
0,액션,20070050
1,어드벤처,20070050
0,공포(호러),20070104
1,미스터리,20070104
2,스릴러,20070104
0,액션,20070088
1,스릴러,20070088
2,판타지,20070088
0,드라마,20070099
0,코미디,20070097
1,멜로/로맨스,20070097
0,SF,20070103
1,공포(호러),20070103
2,스릴러,20070103
0,드라마,20070096
0,SF,20070106
1,스릴러,20070106
0,애니메이션,20070055
1,코미디,20070055
2,어드벤처,20070055
3,가족,20070055
4,SF,20070055
0,미스터리,20070049
1,드라마,20070049
2,스릴러,20070049
0,액션,20070113
1,드라마,20070113
2,스릴러,20070113
0,가족,20070110
1,드라마,20070110
0,액션,20070124
1,코미디,20070124
2,어드벤처,20070124
3,판타지,20070124
0,액션,20070056
1,SF,20070056
0,드라마,20070111
1,가족,20070111
0,코미디,20070148
1,멜로/로맨스,20070148
0,코미디,20070151
0,드라마,20070130
0,액션,20070127
0,SF,20070172
1,스릴러,20070172
2,액션,20070172
0,드라마,20070173
1,멜로/로맨스,20070173
2,미스터리,20070173
3,코미디,20070173
0,가족,20070185
1,드라마,20070185
0,액션,20070057
1,코미디,20070057
2,어드벤처,20070057
3,판타지,20070057
0,드라마,20070115
0,공포(호러),20060230
0,기타,20070188
0,액션,20070100
1,스릴러,20070100
2,범죄,20070100
0,공포(호러),20070192
0,드라마,20070137
0,애니메이션,20070116
1,코미디,20070116
2,어드벤처,20070116
3,가족,20070116
4,판타지,20070116
0,드라마,20070128
1,멜로/로맨스,20070128
0,공포(호러),20070092
0,범죄,20070058
1,드라마,20070058
2,코미디,20070058
0,멜로/로맨스,20070196
1,코미디,20070196
0,드라마,20070179
0,애니메이션,20070216
1,판타지,20070216
2,멜로/로맨스,20070216
0,가족,20070114
1,드라마,20070114
0,스릴러,20070205
1,미스터리,20070205
2,공포(호러),20070205
0,범죄,20070198
1,공포(호러),20070198
2,스릴러,20070198
0,코미디,20070204
1,액션,20070204
2,미스터리,20070204
3,범죄,20070204
0,드라마,20070206
1,멜로/로맨스,20070206
0,SF,20070061
1,액션,20070061
2,어드벤처,20070061
0,공포(호러),20060263
0,공포(호러),20070234
1,스릴러,20070234
2,어드벤처,20070234
0,액션,20070208
1,코미디,20070208
0,판타지,20070063
1,액션,20070063
2,어드벤처,20070063
0,공포(호러),20070250
1,스릴러,20070250
0,기타,20070229
0,액션,20070060
0,공포(호러),20070254
1,드라마,20070254
0,액션,20070268
1,SF,20070268
0,멜로/로맨스,20070226
1,드라마,20070226
2,코미디,20070226
0,드라마,20070209
0,애니메이션,20070264
1,드라마,20070264
2,코미디,20070264
3,가족,20070264
0,코미디,20070261
1,판타지,20070261
0,공포(호러),20070257
0,코미디,20070293
0,액션,20070316
1,판타지,20070316
0,공포(호러),20070262
1,미스터리,20070262
2,스릴러,20070262
0,공포(호러),20070317
1,스릴러,20070317
0,액션,20070260
1,범죄,20070260
2,스릴러,20070260
0,SF,20070059
1,액션,20070059
2,어드벤처,20070059
0,미스터리,20070289
1,스릴러,20070289
0,애니메이션,20070117
1,드라마,20070117
2,액션,20070117
3,가족,20070117
0,코미디,20070089
0,드라마,20070367
1,멜로/로맨스,20070367
0,판타지,20070306
1,액션,20070306
2,어드벤처,20070306
3,SF,20070306
0,범죄,20070303
1,드라마,20070303
2,스릴러,20070303
0,코미디,20070085
0,코미디,20060425
0,애니메이션,20070064
1,코미디,20070064
2,어드벤처,20070064
0,공포(호러),20070305
0,코미디,20070348
1,멜로/로맨스,20070348
2,스릴러,20070348
0,스릴러,20070294
0,드라마,20070107
1,멜로/로맨스,20070107
0,멜로/로맨스,20070374
1,드라마,20070374
2,코미디,20070374
0,전쟁,20070370
0,드라마,20070381
1,가족,20070381
0,액션,20070355
1,스릴러,20070355
0,드라마,20070393
1,코미디,20070393
0,코미디,20070420
0,액션,20070422
1,스릴러,20070422
2,미스터리,20070422
3,어드벤처,20070422
0,코미디,20070421
0,멜로/로맨스,20070379
1,코미디,20070379
0,드라마,20070380
0,가족,20070358
1,드라마,20070358
0,멜로/로맨스,20070441
1,액션,20070441
0,코미디,20070383
1,액션,20070383
0,SF,20070424
1,공포(호러),20070424
2,스릴러,20070424
0,드라마,20070454
0,드라마,20070433
1,멜로/로맨스,20070433
0,범죄,20070352
1,코미디,20070352
2,액션,20070352
3,스릴러,20070352
0,코미디,20070462
1,드라마,20070462
0,액션,20070453
0,드라마,20070456
1,멜로/로맨스,20070456
0,드라마,20070457
1,멜로/로맨스,20070457
0,드라마,20070449
1,스릴러,20070449
2,범죄,20070449
0,액션,20070495
0,코미디,20070434
1,드라마,20070434
0,미스터리,20070497
1,스릴러,20070497
0,액션,20070520
1,공포(호러),20070520
2,SF,20070520
3,스릴러,20070520
0,드라마,20070023
1,멜로/로맨스,20070023
0,미스터리,20070450
1,멜로/로맨스,20070450
2,스릴러,20070450
0,드라마,20070502
0,드라마,20070500
1,코미디,20070500
0,드라마,20070435
0,드라마,20070501
0,액션,20070494
1,스릴러,20070494
0,드라마,20070465
1,미스터리,20070465
2,범죄,20070465
0,드라마,20070541
1,멜로/로맨스,20070541
0,멜로/로맨스,20070582
0,스릴러,20070474
1,드라마,20070474
2,범죄,20070474
0,드라마,20070543
0,스릴러,20070466
1,범죄,20070466
0,애니메이션,20070521
1,드라마,20070521
2,어드벤처,20070521
3,판타지,20070521
0,드라마,20070504
1,코미디,20070504
0,코미디,20070091
0,공포(호러),20070593
1,스릴러,20070593
0,드라마,20070555
1,사극,20070555
0,드라마,20070522
0,드라마,20070585
0,스릴러,20072520
1,범죄,20072520
0,드라마,20070545
0,액션,20070498
1,범죄,20070498
0,스릴러,20070499
1,드라마,20070499
0,드라마,20070635
1,뮤지컬,20070635
0,액션,20070636
1,드라마,20070636
0,SF,20070550
1,드라마,20070550
2,액션,20070550
0,코미디,20070637
0,멜로/로맨스,20070610
1,코미디,20070610
0,애니메이션,20070602
1,드라마,20070602
2,가족,20070602
3,판타지,20070602
0,판타지,20070551
1,드라마,20070551
2,액션,20070551
3,어드벤처,20070551
0,액션,20070549
1,어드벤처,20070549
0,멜로/로맨스,20070639
1,드라마,20070639
0,멜로/로맨스,20070640
1,코미디,20070640
0,코미디,20070562
1,가족,20070562
2,애니메이션,20070562
0,범죄,20070642
1,드라마,20070642
0,가족,20070586
1,코미디,20070586
2,판타지,20070586
0,드라마,20070643
1,판타지,20070643
0,스릴러,20070641
1,미스터리,20070641
0,가족,20070563
1,애니메이션,20070563
2,어드벤처,20070563
3,코미디,20070563
0,멜로/로맨스,20070661
0,멜로/로맨스,20071003
1,드라마,20071003
0,드라마,20070382
0,범죄,20071064
1,액션,20071064
0,SF,20071042
1,공포(호러),20071042
2,드라마,20071042
0,멜로/로맨스,20070566
1,드라마,20070566
2,코미디,20070566
0,스릴러,20071063
1,판타지,20071063
0,공포(호러),20071065
1,스릴러,20071065
0,뮤지컬,20080009
1,범죄,20080009
2,스릴러,20080009
0,드라마,20070660
0,SF,20080010
1,액션,20080010
2,어드벤처,20080010
0,드라마,20080008
0,SF,20070672
1,스릴러,20070672
2,액션,20070672
0,애니메이션,20071014
1,코미디,20071014
2,가족,20071014
0,스릴러,20071675
0,액션,20080011
1,코미디,20080011
0,드라마,20071067
1,코미디,20071067
0,액션,20080013
1,전쟁,20080013
0,코미디,20080015
0,멜로/로맨스,20070548
1,드라마,20070548
0,드라마,20080014
0,코미디,20080021
1,드라마,20080021
0,SF,20080047
1,드라마,20080047
2,어드벤처,20080047
0,범죄,20080046
1,스릴러,20080046
2,액션,20080046
0,어드벤처,20080038
1,판타지,20080038
0,드라마,20080024
1,미스터리,20080024
2,스릴러,20080024
0,코미디,20071047
0,코미디,20080030
1,드라마,20080030
0,스릴러,20080062
1,판타지,20080062
0,멜로/로맨스,20080065
1,드라마,20080065
2,전쟁,20080065
0,드라마,20080054
1,코미디,20080054
0,범죄,20080029
1,서부극(웨스턴),20080029
2,액션,20080029
0,스릴러,20080032
1,드라마,20080032
2,액션,20080032
0,드라마,20072151
0,액션,20080078
1,스릴러,20080078
2,전쟁,20080078
0,멜로/로맨스,20080079
1,어드벤처,20080079
2,코미디,20080079
0,코미디,20080088
1,액션,20080088
0,스릴러,20080077
1,액션,20080077
0,액션,20080142
1,코미디,20080142
0,멜로/로맨스,20080141
1,코미디,20080141
0,멜로/로맨스,20080145
0,액션,20080105
1,전쟁,20080105
0,어드벤처,20080148
1,드라마,20080148
0,멜로/로맨스,20080149
1,드라마,20080149
0,멜로/로맨스,20080146
1,드라마,20080146
2,판타지,20080146
0,드라마,20080226
1,액션,20080226
0,사극,20080230
1,멜로/로맨스,20080230
0,어드벤처,20080055
1,가족,20080055
2,판타지,20080055
0,사극,20080228
1,드라마,20080228
0,애니메이션,20080225
1,어드벤처,20080225
2,SF,20080225
0,스릴러,20080254
1,드라마,20080254
0,코미디,20080258
1,드라마,20080258
2,멜로/로맨스,20080258
0,드라마,20080252
1,멜로/로맨스,20080252
2,스릴러,20080252
0,드라마,20080253
1,기타,20080253
0,공포(호러),20072148
1,미스터리,20072148
2,스릴러,20072148
0,사극,20080291
1,드라마,20080291
2,액션,20080291
3,전쟁,20080291
0,드라마,20080331
0,애니메이션,20080328
1,코미디,20080328
2,어드벤처,20080328
0,범죄,20080337
1,스릴러,20080337
2,액션,20080337
0,사극,20080348
1,드라마,20080348
2,액션,20080348
3,멜로/로맨스,20080348
4,판타지,20080348
0,코미디,20080236
1,드라마,20080236
2,멜로/로맨스,20080236
0,코미디,20080349
1,드라마,20080349
2,어드벤처,20080349
0,범죄,20080350
1,드라마,20080350
2,스릴러,20080350
0,범죄,20080363
1,드라마,20080363
2,스릴러,20080363
0,범죄,20080364
1,스릴러,20080364
0,공포(호러),20080365
1,스릴러,20080365
2,범죄,20080365
0,액션,20080379
1,어드벤처,20080379
2,판타지,20080379
0,SF,20080396
1,드라마,20080396
2,액션,20080396
0,드라마,20080394
0,애니메이션,20080393
1,어드벤처,20080393
2,가족,20080393
0,드라마,20080397
1,뮤지컬,20080397
2,코미디,20080397
0,애니메이션,20080472
0,액션,20080476
1,가족,20080476
0,코미디,20080478
1,드라마,20080478
2,멜로/로맨스,20080478
0,가족,20080516
1,드라마,20080516
0,어드벤처,20080479
1,가족,20080479
2,판타지,20080479
0,코미디,20080514
1,멜로/로맨스,20080514
2,판타지,20080514
0,액션,20070675
1,어드벤처,20070675
0,액션,20080654
1,드라마,20080654
0,코미디,20080656
0,멜로/로맨스,20080641
1,코미디,20080641
0,드라마,20080659
1,미스터리,20080659
2,스릴러,20080659
0,공포(호러),20080660
0,범죄,20080661
1,드라마,20080661
2,스릴러,20080661
0,가족,20070203
1,드라마,20070203
0,애니메이션,20080653
1,코미디,20080653
2,액션,20080653
3,가족,20080653
0,멜로/로맨스,20080709
1,코미디,20080709
0,드라마,20071060
1,범죄,20071060
2,코미디,20071060
0,공포(호러),20080706
1,드라마,20080706
2,스릴러,20080706
0,액션,20080830
1,판타지,20080830
2,SF,20080830
0,SF,20080829
1,드라마,20080829
2,미스터리,20080829
0,가족,20072673
1,멜로/로맨스,20072673
2,코미디,20072673
3,판타지,20072673
0,액션,20080828
0,드라마,20080736
1,액션,20080736
0,범죄,20080836
1,액션,20080836
2,코미디,20080836
0,범죄,20080835
1,드라마,20080835
0,SF,20080837
1,액션,20080837
0,드라마,20080663
0,스릴러,20080847
1,액션,20080847
0,멜로/로맨스,20070291
1,액션,20070291
2,코미디,20070291
0,애니메이션,20080513
1,드라마,20080513
2,판타지,20080513
0,액션,20080873
1,드라마,20080873
2,코미디,20080873
0,공포(호러),20080874
1,스릴러,20080874
0,스릴러,20080845
1,액션,20080845
0,애니메이션,20080848
1,코미디,20080848
2,어드벤처,20080848
3,가족,20080848
4,판타지,20080848
0,액션,20080877
1,공포(호러),20080877
2,SF,20080877
0,액션,20080914
1,드라마,20080914
2,전쟁,20080914
0,공포(호러),20080878
0,드라마,20080871
1,코미디,20080871
0,서부극(웨스턴),20072152
1,액션,20072152
2,어드벤처,20072152
0,코미디,20080946
1,어드벤처,20080946
2,가족,20080946
0,애니메이션,20080963
1,코미디,20080963
2,어드벤처,20080963
3,SF,20080963
0,애니메이션,20080962
1,코미디,20080962
2,어드벤처,20080962
3,가족,20080962
0,드라마,20080764
1,전쟁,20080764
0,공포(호러),20080992
1,스릴러,20080992
0,액션,20080996
1,어드벤처,20080996
2,판타지,20080996
0,범죄,20080968
1,스릴러,20080968
2,액션,20080968
0,범죄,20081056
1,드라마,20081056
2,액션,20081056
3,미스터리,20081056
0,공포(호러),20081058
1,스릴러,20081058
0,애니메이션,20081057
1,코미디,20081057
2,액션,20081057
3,어드벤처,20081057
4,가족,20081057
5,SF,20081057
0,애니메이션,20081059
1,코미디,20081059
2,어드벤처,20081059
3,SF,20081059
0,액션,20080833
1,어드벤처,20080833
2,코미디,20080833
0,드라마,20081132
1,코미디,20081132
0,SF,20081096
1,미스터리,20081096
2,어드벤처,20081096
0,SF,20080965
1,코미디,20080965
2,판타지,20080965
0,공포(호러),20081094
1,범죄,20081094
2,스릴러,20081094
0,사극,20081001
1,드라마,20081001
2,액션,20081001
3,전쟁,20081001
0,멜로/로맨스,20081169
1,뮤지컬,20081169
0,공포(호러),20081170
1,드라마,20081170
2,스릴러,20081170
0,다큐멘터리,20081199
1,어드벤처,20081199
2,가족,20081199
0,애니메이션,20081173
1,액션,20081173
2,어드벤처,20081173
3,SF,20081173
0,액션,20081243
1,드라마,20081243
2,범죄,20081243
0,드라마,20081244
1,코미디,20081244
0,액션,20081247
1,범죄,20081247
2,스릴러,20081247
0,SF,20081212
1,어드벤처,20081212
2,판타지,20081212
0,멜로/로맨스,20081172
0,공포(호러),20081158
1,스릴러,20081158
0,전쟁,20081276
1,드라마,20081276
0,공포(호러),20081263
1,스릴러,20081263
0,범죄,20080399
1,스릴러,20080399
0,SF,20081332
1,액션,20081332
2,어드벤처,20081332
0,드라마,20081002
1,멜로/로맨스,20081002
0,애니메이션,20081331
1,코미디,20081331
2,액션,20081331
3,어드벤처,20081331
4,가족,20081331
0,스릴러,20081333
1,드라마,20081333
0,드라마,20072686
1,멜로/로맨스,20072686
2,미스터리,20072686
0,드라마,20080741
0,SF,20081334
1,스릴러,20081334
2,액션,20081334
0,멜로/로맨스,20081363
1,드라마,20081363
2,스릴러,20081363
0,액션,20081366
1,스릴러,20081366
2,미스터리,20081366
0,드라마,20080887
1,멜로/로맨스,20080887
2,판타지,20080887
0,멜로/로맨스,20081364
1,코미디,20081364
0,드라마,20081391
1,코미디,20081391
0,사극,20081390
1,멜로/로맨스,20081390
0,SF,20081393
1,액션,20081393
2,어드벤처,20081393
0,코미디,20081361
1,멜로/로맨스,20081361
0,드라마,20081386
0,멜로/로맨스,20081395
1,드라마,20081395
0,스릴러,20081444
1,액션,20081444
0,스릴러,20081446
1,판타지,20081446
2,사극,20081446
0,멜로/로맨스,20081403
1,드라마,20081403
2,애니메이션,20081403
0,범죄,20081565
1,스릴러,20081565
0,애니메이션,20081485
1,어드벤처,20081485
2,가족,20081485
3,SF,20081485
0,드라마,20081445
0,드라마,20081519
0,액션,20081484
1,어드벤처,20081484
0,액션,20061223
1,전쟁,20061223
0,드라마,20080637
0,사극,20081611
1,드라마,20081611
2,멜로/로맨스,20081611
0,공포(호러),20081136
1,드라마,20081136
0,코미디,20081621
1,드라마,20081621
0,드라마,20081535
1,멜로/로맨스,20081535
2,스릴러,20081535
3,미스터리,20081535
0,범죄,20081623
1,스릴러,20081623
2,액션,20081623
0,액션,20081618
1,스릴러,20081618
2,범죄,20081618
0,멜로/로맨스,20080890
1,코미디,20080890
0,코미디,20081672
0,사극,20080743
1,액션,20080743
2,코미디,20080743
0,범죄,20081681
1,공포(호러),20081681
2,스릴러,20081681
0,액션,20081697
1,멜로/로맨스,20081697
2,판타지,20081697
3,공포(호러),20081697
0,사극,20081673
1,멜로/로맨스,20081673
2,서부극(웨스턴),20081673
0,액션,20081700
1,코미디,20081700
2,어드벤처,20081700
3,전쟁,20081700
0,공포(호러),20081698
1,스릴러,20081698
0,SF,20081696
1,어드벤처,20081696
2,가족,20081696
3,액션,20081696
0,애니메이션,20081686
1,어드벤처,20081686
2,판타지,20081686
0,코미디,20081703
1,드라마,20081703
0,멜로/로맨스,20080750
1,코미디,20080750
0,드라마,20081453
1,범죄,20081453
2,스릴러,20081453
0,SF,20081723
1,액션,20081723
2,스릴러,20081723
0,애니메이션,20081738
1,어드벤처,20081738
2,가족,20081738
0,멜로/로맨스,20081718
1,코미디,20081718
0,드라마,20081716
0,애니메이션,20081744
1,코미디,20081744
2,어드벤처,20081744
3,가족,20081744
0,애니메이션,20081791
1,어드벤처,20081791
2,가족,20081791
3,액션,20081791
0,액션,20081809
0,드라마,20081790
1,전쟁,20081790
0,애니메이션,20090006
0,액션,20090015
1,전쟁,20090015
2,드라마,20090015
3,사극,20090015
0,스릴러,20071013
1,드라마,20071013
2,전쟁,20071013
0,코미디,20090014
1,액션,20090014
2,범죄,20090014
0,드라마,20090018
1,미스터리,20090018
2,범죄,20090018
0,코미디,20090017
1,판타지,20090017
2,어드벤처,20090017
3,가족,20090017
0,다큐멘터리,20081727
0,어드벤처,20090019
1,판타지,20090019
2,가족,20090019
0,드라마,20090029
1,범죄,20090029
0,범죄,20090013
1,스릴러,20090013
2,액션,20090013
0,액션,20080870
1,스릴러,20080870
2,범죄,20080870
0,드라마,20090026
0,멜로/로맨스,20090022
0,드라마,20090024
1,판타지,20090024
0,범죄,20090023
1,드라마,20090023
2,스릴러,20090023
0,멜로/로맨스,20090012
1,코미디,20090012
0,애니메이션,20090044
1,어드벤처,20090044
2,판타지,20090044
3,코미디,20090044
4,가족,20090044
0,스릴러,20090042
0,어드벤처,20090025
1,판타지,20090025
0,드라마,20090027
1,코미디,20090027
2,멜로/로맨스,20090027
3,가족,20090027
0,애니메이션,20090062
1,코미디,20090062
2,어드벤처,20090062
3,가족,20090062
0,액션,20090063
1,스릴러,20090063
2,드라마,20090063
0,공포(호러),20090083
1,스릴러,20090083
0,코미디,20090078
0,액션,20090043
1,미스터리,20090043
2,판타지,20090043
3,SF,20090043
0,드라마,20090068
1,액션,20090068
0,범죄,20090086
1,드라마,20090086
2,스릴러,20090086
0,멜로/로맨스,20090085
1,드라마,20090085
0,액션,20090082
1,어드벤처,20090082
2,SF,20090082
3,가족,20090082
0,멜로/로맨스,20090087
1,코미디,20090087
0,공포(호러),20090091
0,애니메이션,20090103
1,코미디,20090103
2,드라마,20090103
3,어드벤처,20090103
0,SF,20090157
1,스릴러,20090157
2,드라마,20090157
0,드라마,20090161
1,멜로/로맨스,20090161
2,범죄,20090161
0,범죄,20090169
1,스릴러,20090169
2,미스터리,20090169
0,드라마,20090064
1,범죄,20090064
2,스릴러,20090064
0,드라마,20090065
1,멜로/로맨스,20090065
2,범죄,20090065
3,전쟁,20090065
0,코미디,20090090
1,드라마,20090090
2,멜로/로맨스,20090090
0,액션,20090174
1,드라마,20090174
2,범죄,20090174
3,스릴러,20090174
0,액션,20090167
1,스릴러,20090167
2,미스터리,20090167
0,미스터리,20090156
1,스릴러,20090156
2,사극,20090156
3,범죄,20090156
0,액션,20090176
0,코미디,20090088
1,멜로/로맨스,20090088
0,드라마,20090193
1,멜로/로맨스,20090193
2,코미디,20090193
0,미스터리,20090192
1,스릴러,20090192
2,범죄,20090192
0,코미디,20090190
1,멜로/로맨스,20090190
0,공포(호러),20090191
1,스릴러,20090191
0,SF,20090206
1,액션,20090206
2,미스터리,20090206
3,드라마,20090206
0,액션,20090210
0,액션,20090207
1,드라마,20090207
0,코미디,20081737
1,액션,20081737
2,드라마,20081737
3,범죄,20081737
0,드라마,20090203
1,멜로/로맨스,20090203
0,범죄,20090205
1,멜로/로맨스,20090205
2,스릴러,20090205
0,애니메이션,20090195
1,어드벤처,20090195
2,SF,20090195
3,코미디,20090195
0,드라마,20090035
0,드라마,20090219
1,전쟁,20090219
0,공포(호러),20081003
1,드라마,20081003
0,SF,20090222
1,액션,20090222
2,판타지,20090222
0,드라마,20090225
1,범죄,20090225
2,액션,20090225
0,애니메이션,20090226
1,SF,20090226
2,어드벤처,20090226
0,드라마,20090214
1,범죄,20090214
2,스릴러,20090214
0,가족,20090227
1,어드벤처,20090227
0,SF,20090235
1,액션,20090235
2,어드벤처,20090235
0,미스터리,20090234
1,범죄,20090234
2,스릴러,20090234
0,코미디,20090237
1,드라마,20090237
0,액션,20090259
0,공포(호러),20090265
0,SF,20090238
1,액션,20090238
0,애니메이션,20090284
1,가족,20090284
2,판타지,20090284
3,어드벤처,20090284
4,드라마,20090284
0,드라마,20090261
1,멜로/로맨스,20090261
0,드라마,20090248
0,드라마,20090269
1,공포(호러),20090269
2,미스터리,20090269
3,스릴러,20090269
0,드라마,20090289
1,액션,20090289
0,어드벤처,20090282
1,코미디,20090282
2,액션,20090282
0,드라마,20090297
1,액션,20090297
2,범죄,20090297
0,액션,20090287
1,스릴러,20090287
2,범죄,20090287
0,공포(호러),20090288
1,스릴러,20090288
2,판타지,20090288
0,액션,20090320
1,공포(호러),20090320
2,스릴러,20090320
0,애니메이션,20090314
1,어드벤처,20090314
2,가족,20090314
0,공포(호러),20090327
1,스릴러,20090327
0,코미디,20090333
1,드라마,20090333
2,멜로/로맨스,20090333
3,범죄,20090333
4,어드벤처,20090333
5,가족,20090333
0,액션,20090332
1,드라마,20090332
2,범죄,20090332
0,코미디,20090322
1,어드벤처,20090322
2,가족,20090322
0,SF,20090303
1,액션,20090303
2,어드벤처,20090303
0,애니메이션,20090343
1,코미디,20090343
2,드라마,20090343
0,기타,20090339
0,드라마,20090336
0,드라마,20081454
1,미스터리,20081454
2,스릴러,20081454
0,드라마,20090319
1,멜로/로맨스,20090319
0,공포(호러),20090345
0,어드벤처,20071015
1,판타지,20071015
0,액션,20090051
1,어드벤처,20090051
2,코미디,20090051
0,어드벤처,20090379
1,액션,20090379
2,가족,20090379
0,애니메이션,20090403
1,가족,20090403
2,SF,20090403
3,어드벤처,20090403
0,코미디,20090402
1,드라마,20090402
0,액션,20090074
1,드라마,20090074
2,어드벤처,20090074
0,공포(호러),20090061
1,스릴러,20090061
0,드라마,20090307
1,액션,20090307
2,코미디,20090307
0,애니메이션,20090391
1,코미디,20090391
2,어드벤처,20090391
3,가족,20090391
0,애니메이션,20090412
1,미스터리,20090412
2,범죄,20090412
0,공포(호러),20090411
1,스릴러,20090411
0,액션,20090427
0,스릴러,20090389
1,어드벤처,20090389
0,다큐멘터리,20090430
0,애니메이션,20090408
1,어드벤처,20090408
2,가족,20090408
3,드라마,20090408
0,범죄,20090426
1,액션,20090426
0,미스터리,20090434
1,공포(호러),20090434
0,애니메이션,20090445
1,SF,20090445
2,전쟁,20090445
0,공포(호러),20090304
0,스릴러,20090459
1,어드벤처,20090459
2,공포(호러),20090459
0,공포(호러),20090455
1,드라마,20090455
2,스릴러,20090455
0,멜로/로맨스,20090454
1,코미디,20090454
0,어드벤처,20090460
1,스릴러,20090460
0,드라마,20090425
0,드라마,20090462
0,코미디,20090428
1,멜로/로맨스,20090428
0,멜로/로맨스,20090449
1,코미디,20090449
2,드라마,20090449
0,드라마,20090453
1,코미디,20090453
0,공포(호러),20090485
1,스릴러,20090485
2,범죄,20090485
0,드라마,20090484
1,코미디,20090484
0,범죄,20090510
1,미스터리,20090510
2,스릴러,20090510
0,드라마,20090527
1,코미디,20090527
0,드라마,20090469
0,스릴러,20090511
1,액션,20090511
2,어드벤처,20090511
0,애니메이션,20090501
1,액션,20090501
2,스릴러,20090501
3,미스터리,20090501
4,어드벤처,20090501
5,판타지,20090501
6,SF,20090501
0,코미디,20090513
1,멜로/로맨스,20090513
0,코미디,20090529
1,드라마,20090529
2,멜로/로맨스,20090529
0,드라마,20090329
1,멜로/로맨스,20090329
0,멜로/로맨스,20090308
1,사극,20090308
0,뮤지컬,20090528
1,드라마,20090528
0,애니메이션,20090570
1,코미디,20090570
2,가족,20090570
0,다큐멘터리,20090556
0,SF,20090554
1,스릴러,20090554
2,액션,20090554
0,액션,20090555
1,SF,20090555
2,스릴러,20090555
0,공포(호러),20090572
1,스릴러,20090572
0,코미디,20090562
0,멜로/로맨스,20090557
0,SF,20090579
1,액션,20090579
2,스릴러,20090579
3,드라마,20090579
4,코미디,20090579
0,범죄,20090580
1,스릴러,20090580
2,액션,20090580
0,액션,20090581
1,드라마,20090581
0,코미디,20090605
1,드라마,20090605
0,액션,20090613
1,공포(호러),20090613
2,SF,20090613
3,스릴러,20090613
0,코미디,20090599
1,드라마,20090599
2,멜로/로맨스,20090599
0,애니메이션,20090592
1,판타지,20090592
0,멜로/로맨스,20090664
1,드라마,20090664
2,SF,20090664
0,액션,20090578
1,드라마,20090578
2,전쟁,20090578
0,드라마,20090667
1,멜로/로맨스,20090667
0,다큐멘터리,20090604
0,드라마,20090670
0,드라마,20090669
0,드라마,20090146
1,멜로/로맨스,20090146
0,멜로/로맨스,20090724
1,코미디,20090724
0,멜로/로맨스,20081729
1,코미디,20081729
0,SF,20090685
1,액션,20090685
2,어드벤처,20090685
0,멜로/로맨스,20090590
1,코미디,20090590
0,멜로/로맨스,20090801
1,판타지,20090801
0,드라마,20090800
0,멜로/로맨스,20090305
1,미스터리,20090305
2,범죄,20090305
3,스릴러,20090305
0,드라마,20090682
0,액션,20090815
1,코미디,20090815
2,드라마,20090815
0,드라마,20090588
1,스릴러,20090588
2,멜로/로맨스,20090588
0,액션,20090678
1,드라마,20090678
2,범죄,20090678
0,애니메이션,20090681
1,드라마,20090681
2,가족,20090681
3,판타지,20090681
0,드라마,20090822
1,액션,20090822
0,판타지,20090828
1,드라마,20090828
2,멜로/로맨스,20090828
0,스릴러,20090311
1,드라마,20090311
2,미스터리,20090311
0,애니메이션,20090811
1,액션,20090811
2,SF,20090811
0,스릴러,20090826
1,드라마,20090826
2,범죄,20090826
3,액션,20090826
0,드라마,20090862
0,액션,20090823
1,드라마,20090823
2,멜로/로맨스,20090823
0,SF,20090834
1,액션,20090834
2,어드벤처,20090834
0,멜로/로맨스,20090875
1,코미디,20090875
0,액션,20090077
1,코미디,20090077
2,판타지,20090077
0,미스터리,20090856
1,범죄,20090856
2,어드벤처,20090856
0,판타지,20090089
1,어드벤처,20090089
2,미스터리,20090089
0,애니메이션,20090860
1,어드벤처,20090860
2,판타지,20090860
3,액션,20090860
0,가족,20090861
1,코미디,20090861
2,드라마,20090861
0,SF,20090893
1,액션,20090893
0,멜로/로맨스,20090891
1,뮤지컬,20090891
0,멜로/로맨스,20090859
1,코미디,20090859
0,다큐멘터리,20090840
0,범죄,20090888
1,스릴러,20090888
0,SF,20090864
1,드라마,20090864
2,스릴러,20090864
0,애니메이션,20090821
1,액션,20090821
2,SF,20090821
0,공포(호러),20090857
1,미스터리,20090857
2,스릴러,20090857
0,멜로/로맨스,20090890
1,코미디,20090890
0,드라마,20090892
0,액션,20090895
1,코미디,20090895
0,드라마,20090683
1,멜로/로맨스,20090683
0,액션,20090916
1,사극,20090916
0,애니메이션,20090850
1,멜로/로맨스,20090850
0,드라마,20090914
0,드라마,20090926
0,가족,20090897
1,코미디,20090897
0,코미디,20090913
1,멜로/로맨스,20090913
0,드라마,20090917
1,멜로/로맨스,20090917
2,판타지,20090917
0,드라마,20090904
1,액션,20090904
0,멜로/로맨스,20090944
1,코미디,20090944
0,판타지,20090923
1,어드벤처,20090923
0,드라마,20100017
1,액션,20100017
2,사극,20100017
0,애니메이션,20090718
1,가족,20090718
0,공포(호러),20090929
1,스릴러,20090929
0,멜로/로맨스,20090945
1,코미디,20090945
0,애니메이션,20100012
1,판타지,20100012
0,스릴러,20090160
1,액션,20090160
2,드라마,20090160
3,미스터리,20090160
0,드라마,20100039
1,가족,20100039
0,범죄,20090865
1,드라마,20090865
2,판타지,20090865
0,SF,20100077
1,미스터리,20100077
2,스릴러,20100077
0,드라마,20100090
1,스릴러,20100090
0,가족,20100063
1,애니메이션,20100063
2,어드벤처,20100063
0,판타지,20090930
1,어드벤처,20090930
2,가족,20090930
0,드라마,20100098
1,멜로/로맨스,20100098
2,전쟁,20100098
0,드라마,20100105
0,액션,20100101
1,스릴러,20100101
2,범죄,20100101
0,멜로/로맨스,20090894
1,코미디,20090894
0,액션,20100115
1,코미디,20100115
0,코미디,20100029
1,멜로/로맨스,20100029
0,드라마,20100103
1,미스터리,20100103
2,스릴러,20100103
0,코미디,20090939
1,드라마,20090939
2,액션,20090939
0,드라마,20100075
1,범죄,20100075
2,스릴러,20100075
0,드라마,20090932
1,스릴러,20090932
2,액션,20090932
0,드라마,20090948
1,전쟁,20090948
2,액션,20090948
0,멜로/로맨스,20100107
0,액션,20100116
1,어드벤처,20100116
2,판타지,20100116
0,다큐멘터리,20100141
0,액션,20100018
1,어드벤처,20100018
2,판타지,20100018
0,드라마,20090331
1,멜로/로맨스,20090331
0,코미디,20100129
1,스릴러,20100129
0,공포(호러),20100142
1,SF,20100142
2,스릴러,20100142
0,멜로/로맨스,20100128
1,코미디,20100128
0,코미디,20090947
1,드라마,20090947
0,미스터리,20100131
1,스릴러,20100131
2,드라마,20100131
0,액션,20100143
1,어드벤처,20100143
2,드라마,20100143
3,스릴러,20100143
4,서부극(웨스턴),20100143
0,드라마,20100165
0,멜로/로맨스,20100170
1,코미디,20100170
0,드라마,20061214
1,전쟁,20061214
0,드라마,20100168
1,가족,20100168
0,액션,20100169
1,어드벤처,20100169
2,코미디,20100169
0,전쟁,20100176
1,액션,20100176
0,가족,20090866
1,어드벤처,20090866
2,액션,20090866
0,SF,20090933
1,액션,20090933
2,어드벤처,20090933
0,사극,20090931
1,액션,20090931
0,드라마,20100198
1,액션,20100198
0,애니메이션,20100166
1,어드벤처,20100166
2,가족,20100166
0,드라마,20100189
1,전쟁,20100189
0,드라마,20100202
1,멜로/로맨스,20100202
0,스릴러,20100188
1,멜로/로맨스,20100188
0,액션,20090951
1,드라마,20090951
2,사극,20090951
0,드라마,20100191
0,애니메이션,20100190
1,코미디,20100190
2,어드벤처,20100190
3,가족,20100190
0,드라마,20100256
1,코미디,20100256
2,멜로/로맨스,20100256
0,공포(호러),20100192
1,스릴러,20100192
0,액션,20100193
1,어드벤처,20100193
2,판타지,20100193
0,코미디,20100206
1,드라마,20100206
0,사극,20090927
1,코미디,20090927
2,멜로/로맨스,20090927
0,범죄,20090921
1,드라마,20090921
2,미스터리,20090921
3,스릴러,20090921
0,미스터리,20100278
1,스릴러,20100278
0,액션,20100295
0,가족,20100292
1,드라마,20100292
2,액션,20100292
0,드라마,20100296
1,전쟁,20100296
0,드라마,20100285
1,멜로/로맨스,20100285
2,코미디,20100285
0,드라마,20100291
1,멜로/로맨스,20100291
0,액션,20100311
1,드라마,20100311
0,애니메이션,20100332
1,액션,20100332
2,어드벤처,20100332
3,가족,20100332
0,액션,20100310
1,코미디,20100310
0,드라마,20100210
0,공포(호러),20100335
1,스릴러,20100335
0,애니메이션,20100333
1,코미디,20100333
2,가족,20100333
0,드라마,20100353
1,스릴러,20100353
0,SF,20090943
1,공포(호러),20090943
2,스릴러,20090943
0,코미디,20100339
1,드라마,20100339
0,판타지,20100361
1,멜로/로맨스,20100361
2,스릴러,20100361
0,판타지,20100376
1,어드벤처,20100376
2,애니메이션,20100376
0,범죄,20100362
1,드라마,20100362
2,스릴러,20100362
0,드라마,20100209
1,스릴러,20100209
0,드라마,20100312
1,미스터리,20100312
0,드라마,20100381
1,액션,20100381
2,판타지,20100381
3,어드벤처,20100381
0,드라마,20100380
0,애니메이션,20100378
1,가족,20100378
0,스릴러,20100370
1,액션,20100370
0,공포(호러),20100326
1,스릴러,20100326
0,다큐멘터리,20090953
1,드라마,20090953
0,애니메이션,20100379
1,가족,20100379
2,판타지,20100379
0,액션,20100214
1,드라마,20100214
0,가족,20100377
1,코미디,20100377
2,판타지,20100377
0,드라마,20100382
1,멜로/로맨스,20100382
0,스릴러,20100301
0,가족,20090952
1,코미디,20090952
2,판타지,20090952
0,다큐멘터리,20100758
1,어드벤처,20100758
0,드라마,20100764
1,스릴러,20100764
0,액션,20100767
1,가족,20100767
2,판타지,20100767
3,어드벤처,20100767
0,스릴러,20100768
1,액션,20100768
0,공포(호러),20100769
0,애니메이션,20100788
0,액션,20100816
1,공포(호러),20100816
2,스릴러,20100816
0,액션,20100794
1,스릴러,20100794
2,SF,20100794
3,어드벤처,20100794
0,SF,20100796
1,액션,20100796
0,스릴러,20100300
0,액션,20100766
1,코미디,20100766
2,멜로/로맨스,20100766
0,액션,20100807
1,드라마,20100807
0,드라마,20100808
1,미스터리,20100808
2,스릴러,20100808
0,스릴러,20100281
1,드라마,20100281
0,액션,20100305
1,스릴러,20100305
0,애니메이션,20100810
0,멜로/로맨스,20100834
1,코미디,20100834
0,코미디,20100813
0,드라마,20100833
1,액션,20100833
0,공포(호러),20100811
1,스릴러,20100811
2,액션,20100811
0,애니메이션,20100814
1,가족,20100814
0,드라마,20100329
0,가족,20100812
1,코미디,20100812
2,액션,20100812
0,드라마,20100991
1,멜로/로맨스,20100991
0,코미디,20100835
1,드라마,20100835
0,액션,20100977
1,범죄,20100977
2,미스터리,20100977
3,스릴러,20100977
0,멜로/로맨스,20100975
1,코미디,20100975
0,스릴러,20100302
1,범죄,20100302
0,액션,20100979
0,액션,20100980
1,범죄,20100980
0,다큐멘터리,20100962
0,공포(호러),20101015
0,드라마,20090950
1,범죄,20090950
2,스릴러,20090950
0,멜로/로맨스,20100057
1,드라마,20100057
0,미스터리,20101004
1,드라마,20101004
0,범죄,20100213
1,드라마,20100213
0,애니메이션,20101006
1,어드벤처,20101006
2,판타지,20101006
0,멜로/로맨스,20101007
1,드라마,20101007
0,액션,20101008
0,코미디,20101009
0,공포(호러),20101069
0,미스터리,20101039
1,드라마,20101039
0,드라마,20101038
0,드라마,20101013
0,SF,20101010
1,드라마,20101010
0,액션,20101070
1,스릴러,20101070
2,드라마,20101070
0,코미디,20101165
1,SF,20101165
0,코미디,20101012
0,드라마,20101170
1,판타지,20101170
2,공포(호러),20101170
3,미스터리,20101170
0,멜로/로맨스,20101109
1,드라마,20101109
0,공포(호러),20101011
0,액션,20101133
1,스릴러,20101133
2,SF,20101133
0,코미디,20101113
1,미스터리,20101113
0,드라마,20101206
1,코미디,20101206
0,코미디,20101132
0,코미디,20101221
1,멜로/로맨스,20101221
0,액션,20101014
1,판타지,20101014
0,판타지,20101213
1,가족,20101213
2,어드벤처,20101213
0,공포(호러),20101140
1,스릴러,20101140
0,멜로/로맨스,20101118
1,코미디,20101118
0,드라마,20101212
1,스릴러,20101212
0,멜로/로맨스,20101200
1,드라마,20101200
0,드라마,20101138
0,애니메이션,20101348
1,어드벤처,20101348
0,미스터리,20101224
1,판타지,20101224
0,드라마,20101227
1,멜로/로맨스,20101227
0,애니메이션,20101226
0,스릴러,20101222
1,액션,20101222
2,범죄,20101222
0,코미디,20101223
1,드라마,20101223
0,범죄,20101378
1,스릴러,20101378
2,액션,20101378
0,코미디,20101209
0,SF,20101225
1,스릴러,20101225
2,액션,20101225
0,범죄,20101071
1,드라마,20101071
0,드라마,20101399
0,애니메이션,20102413
0,애니메이션,20102421
0,멜로/로맨스,20110031
1,코미디,20110031
0,어드벤처,20110029
1,드라마,20110029
2,판타지,20110029
0,애니메이션,20110030
0,멜로/로맨스,20110023
1,판타지,20110023
0,드라마,20102416
0,어드벤처,20119155
1,드라마,20119155
2,가족,20119155
3,판타지,20119155
0,코미디,20102414
1,액션,20102414
0,코미디,20102417
1,어드벤처,20102417
0,전쟁,20102415
1,코미디,20102415
2,드라마,20102415
0,드라마,20119277
1,미스터리,20119277
2,멜로/로맨스,20119277
0,드라마,20102418
0,드라마,20102419
1,범죄,20102419
2,스릴러,20102419
0,애니메이션,20119137
1,코미디,20119137
2,가족,20119137
0,애니메이션,20101395
1,코미디,20101395
2,멜로/로맨스,20101395
3,가족,20101395
0,어드벤처,20119418
1,드라마,20119418
2,액션,20119418
3,스릴러,20119418
0,코미디,20119508
1,멜로/로맨스,20119508
0,범죄,20119341
1,스릴러,20119341
0,드라마,20119358
1,스릴러,20119358
0,드라마,20119337
0,멜로/로맨스,19820019
0,드라마,20119429
1,스릴러,20119429
2,액션,20119429
0,애니메이션,20119585
1,가족,20119585
2,코미디,20119585
0,드라마,20119577
1,스릴러,20119577
0,액션,20119420
1,SF,20119420
0,드라마,20119427
1,액션,20119427
2,스릴러,20119427
0,애니메이션,20119556
1,어드벤처,20119556
2,코미디,20119556
3,가족,20119556
0,스릴러,20119430
1,드라마,20119430
2,멜로/로맨스,20119430
0,애니메이션,20119630
1,액션,20119630
0,멜로/로맨스,20119507
0,SF,20119707
1,액션,20119707
0,코미디,20119511
1,멜로/로맨스,20119511
0,드라마,2009A362
0,드라마,20119637
0,드라마,20119768
1,판타지,20119768
2,멜로/로맨스,20119768
0,드라마,20119667
1,코미디,20119667
2,멜로/로맨스,20119667
0,드라마,20119802
1,판타지,20119802
2,멜로/로맨스,20119802
0,드라마,20119419
0,드라마,20119720
0,코미디,20119618
1,멜로/로맨스,20119618
0,드라마,20119717
0,드라마,20119771
0,미스터리,20119772
1,스릴러,20119772
2,범죄,20119772
3,공포(호러),20119772
0,코미디,20119806
0,미스터리,20119856
0,액션,20119854
0,멜로/로맨스,20119855
0,코미디,20119721
1,SF,20119721
0,코미디,20119974
1,드라마,20119974
0,액션,20119852
1,스릴러,20119852
0,애니메이션,20119972
1,코미디,20119972
2,가족,20119972
3,판타지,20119972
4,멜로/로맨스,20119972
0,액션,20119989
1,드라마,20119989
0,스릴러,20110185
1,드라마,20110185
2,범죄,20110185
3,액션,20110185
0,드라마,20119627
0,드라마,20110071
1,멜로/로맨스,20110071
0,미스터리,20110172
1,스릴러,20110172
0,액션,20110211
1,어드벤처,20110211
2,판타지,20110211
0,드라마,20119529
1,멜로/로맨스,20119529
0,드라마,20110193
1,코미디,20110193
0,코미디,20119619
1,액션,20119619
0,드라마,20110171
0,액션,20110221
1,SF,20110221
2,스릴러,20110221
0,애니메이션,20110250
0,애니메이션,20110261
1,어드벤처,20110261
2,액션,20110261
0,드라마,20110235
0,성인물(에로),20110292
1,드라마,20110292
0,SF,20110311
1,판타지,20110311
2,멜로/로맨스,20110311
0,액션,20110294
1,판타지,20110294
0,전쟁,20110501
1,액션,20110501
2,드라마,20110501
0,드라마,20110289
0,애니메이션,20110511
1,액션,20110511
2,어드벤처,20110511
3,코미디,20110511
4,가족,20110511
0,액션,20119527
1,스릴러,20119527
0,드라마,20119628
0,드라마,20110183
0,액션,20110561
0,스릴러,20110502
1,공포(호러),20110502
0,스릴러,20110313
1,드라마,20110313
0,드라마,20101279
0,공포(호러),20110233
0,액션,20110571
0,미스터리,20110182
1,공포(호러),20110182
2,스릴러,20110182
0,다큐멘터리,20110607
0,SF,20110656
0,SF,20110655
1,액션,20110655
0,범죄,20110581
1,스릴러,20110581
0,드라마,20110798
0,드라마,20110251
0,액션,20110660
0,애니메이션,20101392
1,드라마,20101392
0,액션,20110659
1,어드벤처,20110659
0,드라마,20110988
0,드라마,20110490
0,공포(호러),20110296
0,애니메이션,20111101
0,코미디,20110897
0,판타지,20111009
1,미스터리,20111009
0,애니메이션,20090922
0,드라마,20119515
1,전쟁,20119515
0,코미디,20110290
1,액션,20110290
0,스릴러,20111351
0,애니메이션,20111249
1,코미디,20111249
0,애니메이션,20111034
0,애니메이션,20110279
0,액션,20111113
1,SF,20111113
0,애니메이션,20110657
1,어드벤처,20110657
2,코미디,20110657
0,애니메이션,20111702
1,가족,20111702
0,SF,20119513
1,액션,20119513
2,스릴러,20119513
0,애니메이션,20110911
0,사극,20110302
1,액션,20110302
0,공포(호러),20110609
0,스릴러,20110297
0,애니메이션,20111540
0,액션,20111757
1,SF,20111757
2,스릴러,20111757
0,액션,20110896
1,SF,20110896
2,드라마,20110896
0,코미디,20110899
0,멜로/로맨스,20112117
1,코미디,20112117
0,공포(호러),20112141
1,스릴러,20112141
0,코미디,20111692
0,액션,20111671
0,액션,20110301
1,드라마,20110301
2,멜로/로맨스,20110301
0,코미디,20112272
0,멜로/로맨스,20110303
1,드라마,20110303
0,코미디,20111571
0,드라마,20112082
0,공포(호러),20112050
1,액션,20112050
0,애니메이션,20111536
0,드라마,20112534
0,스릴러,20112132
1,공포(호러),20112132
0,액션,20112175
1,SF,20112175
2,스릴러,20112175
3,미스터리,20112175
0,스릴러,20111893
1,액션,20111893
0,스릴러,20110613
0,드라마,20111914
1,액션,20111914
0,애니메이션,20112303
1,멜로/로맨스,20112303
0,액션,20111892
1,드라마,20111892
2,미스터리,20111892
0,드라마,20112552
0,액션,20112173
1,드라마,20112173
2,SF,20112173
0,액션,20112651
1,어드벤처,20112651
0,드라마,20112209
1,스릴러,20112209
0,드라마,20112695
0,멜로/로맨스,20112589
0,드라마,20112221
1,액션,20112221
2,코미디,20112221
0,공포(호러),20112693
0,애니메이션,20111533
0,사극,20112911
1,액션,20112911
0,SF,20112704
1,스릴러,20112704
2,액션,20112704
0,코미디,20112821
1,멜로/로맨스,20112821
0,드라마,20110322
0,멜로/로맨스,20110612
1,코미디,20110612
0,드라마,20112763
0,드라마,20113001
0,액션,20112208
0,드라마,20112822
0,코미디,20112553
0,드라마,20111987
1,액션,20111987
2,판타지,20111987
0,멜로/로맨스,20111928
1,코미디,20111928
0,멜로/로맨스,20112762
1,코미디,20112762
0,드라마,20112311
0,액션,20112707
1,코미디,20112707
2,범죄,20112707
0,코미디,20112934
0,코미디,20112971
0,액션,20110906
1,범죄,20110906
0,애니메이션,20112972
1,가족,20112972
0,드라마,20110905
1,판타지,20110905
2,멜로/로맨스,20110905
0,코미디,20113306
1,드라마,20113306
0,공포(호러),20113381
1,멜로/로맨스,20113381
2,코미디,20113381
0,애니메이션,20112542
1,가족,20112542
2,어드벤처,20112542
0,스릴러,20113307
1,드라마,20113307
0,코미디,20113312
1,드라마,20113312
0,액션,20112207
0,애니메이션,20113311
1,코미디,20113311
2,어드벤처,20113311
3,가족,20113311
0,드라마,20113260
0,뮤지컬,20113471
0,전쟁,20110295
1,액션,20110295
2,드라마,20110295
0,액션,20112621
1,미스터리,20112621
0,애니메이션,20112709
1,판타지,20112709
2,어드벤처,20112709
0,애니메이션,20112708
1,판타지,20112708
2,어드벤처,20112708
0,애니메이션,20113271
1,어드벤처,20113271
0,애니메이션,19940256
1,어드벤처,19940256
2,가족,19940256
3,뮤지컬,19940256
4,드라마,19940256
0,드라마,20113671
1,멜로/로맨스,20113671
0,SF,20113652
1,액션,20113652
0,애니메이션,20113862
1,어드벤처,20113862
2,코미디,20113862
3,판타지,20113862
0,스릴러,20110882
1,드라마,20110882
0,애니메이션,20113811
0,액션,20113883
0,코미디,20113743
1,드라마,20113743
0,드라마,20113535
0,액션,20113653
1,어드벤처,20113653
0,드라마,20113951
0,코미디,20113636
1,멜로/로맨스,20113636
0,가족,20113472
1,코미디,20113472
0,애니메이션,20100215
1,어드벤처,20100215
2,액션,20100215
0,범죄,20113557
1,드라마,20113557
0,가족,20113643
1,코미디,20113643
0,애니메이션,20113911
1,코미디,20113911
2,가족,20113911
0,코미디,20113881
0,애니메이션,20113920
1,어드벤처,20113920
0,SF,19990216
1,액션,19990216
2,어드벤처,19990216
3,판타지,19990216
0,전쟁,20124099
1,드라마,20124099
0,스릴러,20124134
0,범죄,20110249
1,드라마,20110249
0,액션,20124021
1,드라마,20124021
2,스릴러,20124021
0,액션,20113890
1,판타지,20113890
2,스릴러,20113890
0,드라마,20113975
1,공포(호러),20113975
2,스릴러,20113975
0,범죄,20124420
1,스릴러,20124420
0,액션,20124746
1,판타지,20124746
2,SF,20124746
3,공포(호러),20124746
0,드라마,20113912
0,애니메이션,20113982
0,멜로/로맨스,20113916
1,코미디,20113916
0,액션,20124096
1,코미디,20124096
2,멜로/로맨스,20124096
0,액션,20124449
1,스릴러,20124449
0,액션,20124609
1,어드벤처,20124609
2,스릴러,20124609
0,가족,20124551
0,미스터리,20124050
0,SF,20124629
1,액션,20124629
0,드라마,20124726
1,코미디,20124726
0,액션,20124666
1,스릴러,20124666
0,드라마,20111774
1,멜로/로맨스,20111774
2,미스터리,20111774
0,드라마,20124874
1,멜로/로맨스,20124874
0,멜로/로맨스,20124074
1,드라마,20124074
0,액션,20124932
1,드라마,20124932
2,스릴러,20124932
0,코미디,20124142
1,드라마,20124142
0,액션,20124873
1,스릴러,20124873
0,애니메이션,20124939
1,코미디,20124939
2,가족,20124939
0,액션,20124717
1,판타지,20124717
0,범죄,20124051
1,드라마,20124051
0,액션,20124127
1,드라마,20124127
2,SF,20124127
0,드라마,19980074
1,멜로/로맨스,19980074
2,액션,19980074
0,판타지,20125106
1,액션,20125106
0,코미디,20124032
1,스릴러,20124032
0,SF,20112134
1,액션,20112134
0,애니메이션,19920231
1,드라마,19920231
2,가족,19920231
0,SF,20068590
0,드라마,20125126
0,코미디,20113201
1,멜로/로맨스,20113201
0,액션,20124721
1,SF,20124721
0,멜로/로맨스,20124066
0,애니메이션,20125427
0,드라마,20113556
0,드라마,20124045
0,판타지,20125426
1,어드벤처,20125426
0,애니메이션,20113889
0,드라마,20125866
1,공포(호러),20125866
2,스릴러,20125866
3,미스터리,20125866
0,코미디,20113554
1,멜로/로맨스,20113554
0,드라마,20124064
0,액션,20125907
1,스릴러,20125907
0,액션,20113885
1,코미디,20113885
2,SF,20113885
0,액션,20113745
1,어드벤처,20113745
2,판타지,20113745
0,애니메이션,20125806
0,액션,20125486
1,드라마,20125486
2,범죄,20125486
0,코미디,20124065
1,액션,20124065
0,공포(호러),20110312
0,애니메이션,20124136
1,어드벤처,20124136
2,코미디,20124136
0,사극,20113533
1,멜로/로맨스,20113533
0,SF,20125086
1,스릴러,20125086
0,SF,20124946
1,액션,20124946
2,스릴러,20124946
0,공포(호러),20125646
0,공포(호러),20126617
1,미스터리,20126617
2,SF,20126617
0,액션,20113532
1,코미디,20113532
2,범죄,20113532
0,코미디,20124055
0,범죄,20126413
1,미스터리,20126413
2,스릴러,20126413
0,액션,20126077
0,공포(호러),20126566
1,스릴러,20126566
0,코미디,20124061
1,멜로/로맨스,20124061
0,공포(호러),20124062
1,SF,20124062
0,애니메이션,20127108
1,드라마,20127108
2,가족,20127108
3,판타지,20127108
0,스릴러,20113821
1,미스터리,20113821
0,코미디,20126686
1,멜로/로맨스,20126686
2,판타지,20126686
0,액션,20126410
1,스릴러,20126410
2,미스터리,20126410
3,어드벤처,20126410
4,드라마,20126410
0,공포(호러),20125916
0,코미디,20113391
1,드라마,20113391
0,미스터리,20126745
1,스릴러,20126745
2,액션,20126745
0,코미디,20126470
1,드라마,20126470
0,드라마,20127211
1,멜로/로맨스,20127211
0,액션,20112703
1,범죄,20112703
2,스릴러,20112703
0,애니메이션,20127306
0,코미디,20124058
0,액션,20124034
1,범죄,20124034
0,애니메이션,20126667
1,어드벤처,20126667
2,코미디,20126667
3,가족,20126667
0,공포(호러),20124349
0,애니메이션,20127266
1,어드벤처,20127266
0,다큐멘터리,20128626
0,애니메이션,20126406
1,어드벤처,20126406
0,사극,20124080
1,코미디,20124080
0,뮤지컬,20127086
1,드라마,20127086
0,공포(호러),20127407
1,스릴러,20127407
2,코미디,20127407
0,코미디,20124067
1,사극,20124067
0,애니메이션,20127887
1,가족,20127887
0,멜로/로맨스,20126448
0,SF,20125647
1,액션,20125647
0,액션,20124049
1,드라마,20124049
0,스릴러,20125920
0,미스터리,20128272
1,스릴러,20128272
0,범죄,20124063
1,스릴러,20124063
0,액션,20125338
1,스릴러,20125338
2,공포(호러),20125338
0,코미디,20128271
1,드라마,20128271
0,액션,20126409
1,스릴러,20126409
0,액션,20128143
1,어드벤처,20128143
0,드라마,20124934
0,사극,20124079
1,드라마,20124079
0,액션,20127401
1,공포(호러),20127401
2,SF,20127401
3,스릴러,20127401
0,애니메이션,20127494
1,판타지,20127494
2,멜로/로맨스,20127494
3,드라마,20127494
4,어드벤처,20127494
0,공포(호러),20127446
1,판타지,20127446
2,스릴러,20127446
0,드라마,20124400
1,코미디,20124400
2,액션,20124400
0,애니메이션,20129092
0,범죄,20125306
1,드라마,20125306
0,액션,20128447
1,범죄,20128447
2,드라마,20128447
0,애니메이션,20127634
0,코미디,20129166
1,판타지,20129166
0,코미디,20113887
1,공포(호러),20113887
0,멜로/로맨스,20129260
1,코미디,20129260
0,스릴러,20129227
0,액션,20113886
1,드라마,20113886
0,SF,20128270
1,액션,20128270
0,멜로/로맨스,20129626
1,전쟁,20129626
2,드라마,20129626
0,애니메이션,20129766
1,코미디,20129766
2,공포(호러),20129766
0,미스터리,20124057
0,사극,20120021
0,액션,20129407
1,범죄,20129407
0,공연,20129146
1,다큐멘터리,20129146
0,액션,20113461
0,코미디,20124070
0,스릴러,20129079
1,공포(호러),20129079
0,미스터리,20121241
1,스릴러,20121241
0,멜로/로맨스,20124054
1,드라마,20124054
2,판타지,20124054
0,스릴러,20129790
0,액션,20124075
1,스릴러,20124075
0,멜로/로맨스,20124917
0,액션,20120127
0,SF,20120562
1,판타지,20120562
0,드라마,20120362
1,멜로/로맨스,20120362
0,애니메이션,20120942
0,드라마,20126469
1,판타지,20126469
2,멜로/로맨스,20126469
0,코미디,20126089
0,미스터리,20120421
1,스릴러,20120421
0,스릴러,20124348
1,드라마,20124348
0,드라마,20127546
0,애니메이션,20126407
1,어드벤처,20126407
0,드라마,20120430
0,멜로/로맨스,20125406
1,코미디,20125406
0,액션,20088506
1,드라마,20088506
0,드라마,20121281
0,멜로/로맨스,20124936
1,코미디,20124936
0,멜로/로맨스,20123161
1,드라마,20123161
2,판타지,20123161
0,SF,20120661
1,액션,20120661
0,어드벤처,20125048
1,판타지,20125048
0,드라마,20112561
1,멜로/로맨스,20112561
0,애니메이션,20122192
0,애니메이션,20129388
0,드라마,20128274
0,멜로/로맨스,20124399
0,코미디,20128687
0,애니메이션,20128247
0,애니메이션,20123217
0,드라마,20124039
0,애니메이션,20122523
1,어드벤처,20122523
2,가족,20122523
0,애니메이션,20126388
0,어드벤처,20128386
1,드라마,20128386
0,가족,20121622
1,판타지,20121622
2,어드벤처,20121622
0,코미디,20124935
0,SF,20124024
1,판타지,20124024
0,애니메이션,20122803
0,드라마,20126583
0,액션,20123333
0,애니메이션,20129156
1,가족,20129156
0,액션,20121861
1,드라마,20121861
2,스릴러,20121861
0,코미디,20127593
1,드라마,20127593
0,애니메이션,20123681
0,애니메이션,20048799
0,액션,20124083
0,애니메이션,20123221
0,액션,20123387
1,범죄,20123387
2,스릴러,20123387
0,코미디,20125990
1,드라마,20125990
0,애니메이션,20123421
0,애니메이션,20010292
1,코미디,20010292
0,코미디,20126087
1,멜로/로맨스,20126087
0,액션,20133981
1,코미디,20133981
2,판타지,20133981
0,어드벤처,20123644
1,애니메이션,20123644
0,멜로/로맨스,20123484
1,코미디,20123484
2,드라마,20123484
0,범죄,20124401
1,액션,20124401
0,스릴러,20128747
1,드라마,20128747
0,애니메이션,20133924
1,어드벤처,20133924
0,애니메이션,20123821
0,액션,20123422
0,판타지,20123641
1,드라마,20123641
2,어드벤처,20123641
0,드라마,20120467
1,스릴러,20120467
0,액션,20122843
1,어드벤처,20122843
0,애니메이션,20134042
0,미스터리,20134407
0,판타지,20122625
1,어드벤처,20122625
2,액션,20122625
0,전쟁,20129262
1,액션,20129262
2,스릴러,20129262
0,멜로/로맨스,20135241
1,액션,20135241
0,드라마,20129368
0,드라마,20134581
1,전쟁,20134581
0,애니메이션,20134102
1,액션,20134102
2,어드벤처,20134102
0,멜로/로맨스,20128690
1,코미디,20128690
0,서부극(웨스턴),20126306
1,드라마,20126306
0,드라마,20122231
0,애니메이션,20134983
0,애니메이션,20135942
1,어드벤처,20135942
0,액션,20113972
1,어드벤처,20113972
2,SF,20113972
0,미스터리,20134701
1,판타지,20134701
0,드라마,20120108
0,액션,20126671
1,코미디,20126671
0,SF,20134869
1,판타지,20134869
0,멜로/로맨스,20135581
1,코미디,20135581
0,멜로/로맨스,20119971
1,드라마,20119971
0,액션,20134181
1,SF,20134181
0,드라마,20125333
1,액션,20125333
0,애니메이션,20136783
1,코미디,20136783
2,가족,20136783
0,액션,19950095
1,범죄,19950095
0,드라마,20123201
0,코미디,20136138
1,드라마,20136138
0,코미디,20134603
0,스릴러,20136662
1,액션,20136662
2,판타지,20136662
3,멜로/로맨스,20136662
0,액션,20121621
1,어드벤처,20121621
2,SF,20121621
0,애니메이션,20136741
0,애니메이션,20120381
1,코미디,20120381
2,드라마,20120381
0,애니메이션,20136921
0,코미디,20121549
1,드라마,20121549
0,애니메이션,20030072
1,코미디,20030072
2,어드벤처,20030072
3,가족,20030072
0,애니메이션,20137422
0,드라마,20120426
1,코미디,20120426
0,애니메이션,20135362
1,가족,20135362
2,코미디,20135362
0,액션,20137082
0,멜로/로맨스,20133881
1,드라마,20133881
0,스릴러,20122784
0,드라마,20136219
1,멜로/로맨스,20136219
0,드라마,20128691
1,코미디,20128691
0,코미디,20122221
1,드라마,20122221
0,액션,20135221
0,액션,20123329
1,SF,20123329
2,어드벤처,20123329
0,멜로/로맨스,20134562
0,SF,20137426
1,액션,20137426
2,어드벤처,20137426
0,드라마,20127597
0,액션,20126672
1,코미디,20126672
2,드라마,20126672
0,미스터리,20136058
1,공포(호러),20136058
0,액션,20137963
1,스릴러,20137963
0,애니메이션,20138201
0,SF,20137961
0,드라마,20122122
1,스릴러,20122122
2,SF,20122122
3,액션,20122122
4,어드벤처,20122122
0,스릴러,20138141
0,애니메이션,20126253
0,스릴러,20120103
0,공포(호러),20138712
1,스릴러,20138712
0,공포(호러),20129114
1,스릴러,20129114
0,액션,20137815
1,드라마,20137815
0,SF,19930176
1,액션,19930176
2,어드벤처,19930176
0,멜로/로맨스,20138884
1,코미디,20138884
0,범죄,20122783
1,액션,20122783
0,액션,20136862
1,어드벤처,20136862
0,애니메이션,20139263
0,액션,20136961
1,SF,20136961
2,어드벤처,20136961
0,스릴러,20139723
1,범죄,20139723
2,드라마,20139723
0,드라마,20138982
0,액션,20136962
1,코미디,20136962
2,범죄,20136962
0,코미디,20124082
1,드라마,20124082
0,애니메이션,20137549
0,애니메이션,20139141
0,액션,20137121
1,SF,20137121
0,범죄,20136052
1,기타,20136052
0,애니메이션,20139383
1,어드벤처,20139383
0,드라마,20139826
0,SF,20126674
1,액션,20126674
0,애니메이션,20136761
1,코미디,20136761
2,가족,20136761
0,애니메이션,20138202
1,어드벤처,20138202
0,애니메이션,20058720
0,드라마,20124937
1,어드벤처,20124937
2,액션,20124937
0,스릴러,20136049
0,애니메이션,20130569
1,어드벤처,20130569
2,코미디,20130569
0,애니메이션,20139083
0,범죄,20138881
1,액션,20138881
2,스릴러,20138881
0,액션,20138421
1,코미디,20138421
2,범죄,20138421
0,액션,20139072
1,드라마,20139072
0,드라마,20130821
0,SF,20137811
1,액션,20137811
0,드라마,20139265
0,애니메이션,20122089
0,애니메이션,20131681
1,액션,20131681
2,어드벤처,20131681
3,SF,20131681
0,액션,20124086
0,애니메이션,20132082
1,드라마,20132082
0,드라마,20139461
0,사극,20126091
1,드라마,20126091
0,판타지,20129588
1,액션,20129588
0,애니메이션,20135001
0,판타지,20137562
1,어드벤처,20137562
0,드라마,20137041
0,공포(호러),20131381
1,스릴러,20131381
0,애니메이션,20131001
1,어드벤처,20131001
0,범죄,20131630
1,스릴러,20131630
0,드라마,20131541
0,멜로/로맨스,20122466
0,드라마,20134582
0,드라마,20123381
1,액션,20123381
2,가족,20123381
0,범죄,20130783
1,드라마,20130783
2,스릴러,20130783
0,애니메이션,20132261
1,어드벤처,20132261
0,애니메이션,20128079
0,액션,20123383
1,스릴러,20123383
0,액션,20132120
1,드라마,20132120
0,애니메이션,20132601
0,SF,20139221
1,드라마,20139221
0,코미디,20122785
0,멜로/로맨스,20123384
1,코미디,20123384
0,액션,20132821
1,드라마,20132821
0,스릴러,20129606
1,드라마,20129606
0,드라마,20120428
0,드라마,20134124
0,액션,20138355
1,어드벤처,20138355
2,판타지,20138355
0,드라마,20138223
1,멜로/로맨스,20138223
0,액션,20122786
1,스릴러,20122786
0,애니메이션,20134144
0,액션,20127595
1,드라마,20127595
0,스릴러,20139601
1,SF,20139601
0,멜로/로맨스,20133760
1,드라마,20133760
0,드라마,20134073
1,스릴러,20134073
0,액션,20137044
0,스릴러,20134801
1,드라마,20134801
0,범죄,20133152
1,드라마,20133152
2,스릴러,20133152
0,드라마,20131245
0,판타지,20138544
1,액션,20138544
0,멜로/로맨스,20136061
1,코미디,20136061
0,애니메이션,20133701
1,코미디,20133701
2,가족,20133701
0,애니메이션,20131263
1,스릴러,20131263
0,스릴러,20124402
0,드라마,20110881
0,SF,20132824
1,액션,20132824
0,드라마,20134268
1,기타,20134268
0,멜로/로맨스,20135428
1,코미디,20135428
0,공포(호러),20135657
0,액션,20135370
1,스릴러,20135370
0,드라마,20135367
0,어드벤처,20134267
1,드라마,20134267
2,판타지,20134267
0,드라마,20134123
0,드라마,20134803
0,코미디,20139981
1,멜로/로맨스,20139981
0,액션,20134984
1,가족,20134984
0,애니메이션,20136308
0,애니메이션,20135427
1,코미디,20135427
2,가족,20135427
0,드라마,20133704
1,가족,20133704
0,액션,20124938
1,스릴러,20124938
0,애니메이션,20134206
1,어드벤처,20134206
2,가족,20134206
0,SF,20131246
1,액션,20131246
2,어드벤처,20131246
0,어드벤처,20134046
1,코미디,20134046
2,드라마,20134046
0,애니메이션,20135369
1,어드벤처,20135369
0,애니메이션,20134533
1,액션,20134533
2,어드벤처,20134533
0,드라마,20138224
0,범죄,20136812
1,드라마,20136812
0,애니메이션,20134592
1,어드벤처,20134592
0,애니메이션,20136803
1,어드벤처,20136803
2,가족,20136803
3,코미디,20136803
4,뮤지컬,20136803
5,판타지,20136803
0,액션,20136337
1,드라마,20136337
2,스릴러,20136337
0,스릴러,20136894
0,드라마,20131102
0,코미디,20139881
1,멜로/로맨스,20139881
2,드라마,20139881
0,멜로/로맨스,20137043
1,드라마,20137043
0,액션,20136860
0,코미디,20126090
1,액션,20126090
2,사극,20126090
0,애니메이션,20136800
1,어드벤처,20136800
2,코미디,20136800
3,가족,20136800
0,액션,20147250
1,범죄,20147250
2,드라마,20147250
3,스릴러,20147250
0,드라마,20133585
0,애니메이션,20147161
1,어드벤처,20147161
0,액션,20147096
1,SF,20147096
2,판타지,20147096
0,드라마,20122787
0,애니메이션,20136445
1,코미디,20136445
2,액션,20136445
3,가족,20136445
0,액션,20134587
1,SF,20134587
0,드라마,20130561
1,코미디,20130561
0,드라마,20136043
0,애니메이션,20068659
0,애니메이션,20147372
1,어드벤처,20147372
2,코미디,20147372
3,가족,20147372
4,SF,20147372
0,액션,20134028
1,어드벤처,20134028
2,드라마,20134028
0,범죄,20139401
1,드라마,20139401
0,범죄,20136887
1,드라마,20136887
0,액션,20147299
0,드라마,20136866
0,액션,20147430
1,드라마,20147430
0,액션,20147247
1,드라마,20147247
2,전쟁,20147247
0,드라마,20133603
1,멜로/로맨스,20133603
0,드라마,20147625
0,드라마,20138226
0,스릴러,20136060
0,코미디,20147693
1,드라마,20147693
0,드라마,20147695
1,멜로/로맨스,20147695
0,어드벤처,20133602
1,드라마,20133602
2,판타지,20133602
0,미스터리,20147727
1,어드벤처,20147727
0,애니메이션,20147848
1,어드벤처,20147848
0,어드벤처,20147649
0,액션,20147790
1,어드벤처,20147790
2,SF,20147790
0,애니메이션,20136736
1,어드벤처,20136736
0,애니메이션,20148168
1,액션,20148168
2,어드벤처,20148168
0,액션,20147612
1,스릴러,20147612
0,액션,20147953
1,드라마,20147953
2,스릴러,20147953
0,애니메이션,20147971
0,드라마,20147678
0,코미디,20124047
1,드라마,20124047
0,드라마,20147968
0,범죄,20129787
1,스릴러,20129787
0,액션,20147609
1,판타지,20147609
0,멜로/로맨스,20134585
1,드라마,20134585
0,애니메이션,20147694
1,액션,20147694
2,어드벤처,20147694
0,SF,20147283
1,판타지,20147283
2,액션,20147283
3,멜로/로맨스,20147283
0,액션,20148232
1,범죄,20148232
2,드라마,20148232
3,스릴러,20148232
0,드라마,20134122
0,드라마,20147948
1,멜로/로맨스,20147948
0,액션,20135661
1,판타지,20135661
0,애니메이션,20133601
1,어드벤처,20133601
2,가족,20133601
0,드라마,20136805
1,뮤지컬,20136805
0,사극,20139183
0,액션,20139164
1,드라마,20139164
0,애니메이션,20138962
1,코미디,20138962
2,어드벤처,20138962
0,애니메이션,20148277
1,어드벤처,20148277
0,드라마,20147880
1,멜로/로맨스,20147880
2,코미디,20147880
0,코미디,20147683
0,멜로/로맨스,20133322
1,드라마,20133322
0,액션,20147874
1,SF,20147874
0,SF,20130522
1,액션,20130522
2,드라마,20130522
0,액션,20147669
1,판타지,20147669
2,SF,20147669
3,어드벤처,20147669
0,드라마,20134586
0,드라마,20148748
1,멜로/로맨스,20148748
0,스릴러,20148129
0,액션,20130442
1,스릴러,20130442
2,범죄,20130442
0,액션,20148383
1,어드벤처,20148383
2,드라마,20148383
0,미스터리,20148686
1,공포(호러),20148686
2,스릴러,20148686
0,애니메이션,20148648
0,액션,20148807
1,SF,20148807
0,액션,20132482
1,드라마,20132482
0,범죄,20136062
1,액션,20136062
0,애니메이션,20148347
1,어드벤처,20148347
2,코미디,20148347
0,액션,20134591
1,범죄,20134591
0,드라마,20133641
1,코미디,20133641
2,멜로/로맨스,20133641
0,미스터리,20148834
1,멜로/로맨스,20148834
0,판타지,20148795
1,멜로/로맨스,20148795
0,어드벤처,20148728
1,코미디,20148728
2,드라마,20148728
0,드라마,20148877
0,드라마,20148994
0,액션,20122021
1,SF,20122021
2,어드벤처,20122021
0,애니메이션,20149307
1,액션,20149307
2,어드벤처,20149307
0,범죄,20139201
1,액션,20139201
0,미스터리,20147931
1,공포(호러),20147931
0,코미디,20149271
0,액션,20148973
1,드라마,20148973
2,SF,20148973
3,스릴러,20148973
0,범죄,20148745
1,드라마,20148745
0,SF,20149288
1,액션,20149288
2,스릴러,20149288
0,애니메이션,20149494
1,어드벤처,20149494
0,공포(호러),20149394
0,공포(호러),20149511
1,스릴러,20149511
0,애니메이션,20149462
1,어드벤처,20149462
0,코미디,20136926
1,멜로/로맨스,20136926
0,사극,20123501
1,액션,20123501
0,애니메이션,20131248
1,액션,20131248
2,어드벤처,20131248
0,드라마,20148830
0,사극,20129370
1,액션,20129370
0,액션,20149317
1,어드벤처,20149317
2,SF,20149317
0,애니메이션,20149758
1,코미디,20149758
0,어드벤처,20136064
0,멜로/로맨스,20149459
0,애니메이션,20149567
1,스릴러,20149567
2,어드벤처,20149567
0,액션,20149568
1,어드벤처,20149568
0,애니메이션,20138501
0,드라마,20134082
0,애니메이션,20149978
1,어드벤처,20149978
2,코미디,20149978
0,드라마,20149846
1,멜로/로맨스,20149846
0,멜로/로맨스,20149629
0,애니메이션,20041524
0,액션,20149818
1,어드벤처,20149818
2,스릴러,20149818
0,SF,20149099
1,드라마,20149099
2,판타지,20149099
0,공포(호러),20147928
1,스릴러,20147928
0,액션,20149811
1,스릴러,20149811
0,액션,20148132
1,어드벤처,20148132
2,코미디,20148132
0,액션,20149140
1,범죄,20149140
2,드라마,20149140
0,공포(호러),20149831
1,스릴러,20149831
0,드라마,20134804
0,액션,20135656
0,드라마,20134594
0,드라마,20149930
1,멜로/로맨스,20149930
0,애니메이션,20149970
0,애니메이션,20140181
1,어드벤처,20140181
0,액션,20134069
1,범죄,20134069
2,스릴러,20134069
0,액션,20140431
1,미스터리,20140431
2,SF,20140431
3,스릴러,20140431
0,액션,20140524
1,범죄,20140524
2,드라마,20140524
3,미스터리,20140524
4,스릴러,20140524
0,멜로/로맨스,20140247
1,드라마,20140247
0,코미디,20140196
1,드라마,20140196
0,드라마,20134589
0,드라마,20135386
1,코미디,20135386
0,공포(호러),20141113
0,멜로/로맨스,20136863
0,액션,20141281
1,SF,20141281
0,애니메이션,20141028
0,애니메이션,20149838
1,판타지,20149838
2,어드벤처,20149838
0,멜로/로맨스,20147930
1,코미디,20147930
0,판타지,20141261
1,액션,20141261
0,공포(호러),20148927
1,스릴러,20148927
0,액션,20140458
1,스릴러,20140458
0,코미디,20149984
0,스릴러,20140425
0,코미디,20148842
1,드라마,20148842
0,멜로/로맨스,20139964
1,코미디,20139964
0,드라마,20149910
0,드라마,20148626
0,미스터리,20141961
1,스릴러,20141961
0,SF,20149120
0,코미디,20147129
1,드라마,20147129
0,애니메이션,20142301
1,가족,20142301
2,어드벤처,20142301
3,코미디,20142301
0,다큐멘터리,20142798
0,드라마,20136802
0,코미디,20142023
1,멜로/로맨스,20142023
0,판타지,20142321
1,액션,20142321
0,코미디,20142481
1,드라마,20142481
2,멜로/로맨스,20142481
0,애니메이션,20143325
0,액션,20140694
1,드라마,20140694
2,전쟁,20140694
0,어드벤처,20140402
1,SF,20140402
2,스릴러,20140402
0,코미디,20136312
1,가족,20136312
2,드라마,20136312
0,애니메이션,20143565
1,어드벤처,20143565
0,액션,20134590
0,코미디,20149287
0,다큐멘터리,20141111
0,어드벤처,20142843
1,드라마,20142843
0,드라마,20140842
0,코미디,20134588
1,스릴러,20134588
0,애니메이션,20143314
0,멜로/로맨스,20143543
0,코미디,20142421
1,멜로/로맨스,20142421
0,애니메이션,20143639
0,드라마,20137048
0,어드벤처,20140226
1,판타지,20140226
0,애니메이션,20134436
1,어드벤처,20134436
0,드라마,20141621
0,범죄,20149265
1,액션,20149265
0,사극,20147176
1,드라마,20147176
0,애니메이션,20143344
1,판타지,20143344
2,가족,20143344
0,뮤지컬,20143422
0,애니메이션,20143602
1,어드벤처,20143602
2,가족,20143602
0,액션,20143642
1,범죄,20143642
2,스릴러,20143642
0,애니메이션,20149859
1,코미디,20149859
2,어드벤처,20149859
3,가족,20149859
0,드라마,20130574
1,가족,20130574
0,액션,20149948
1,드라마,20149948
2,전쟁,20149948
0,코미디,20144523
1,가족,20144523
2,어드벤처,20144523
0,코미디,20147947
1,멜로/로맨스,20147947
0,SF,20144481
1,스릴러,20144481
0,멜로/로맨스,20142407
1,코미디,20142407
0,어드벤처,20143541
1,코미디,20143541
2,가족,20143541
0,드라마,20131262
0,애니메이션,20142962
0,액션,20143754
0,액션,20136888
1,드라마,20136888
0,애니메이션,20149951
1,액션,20149951
2,코미디,20149951
0,액션,20143253
1,스릴러,20143253
0,SF,20145521
1,스릴러,20145521
0,드라마,20148553
0,드라마,20144102
1,전쟁,20144102
0,액션,20145041
1,범죄,20145041
2,스릴러,20145041
0,드라마,20144507
0,멜로/로맨스,20148188
1,코미디,20148188
2,드라마,20148188
0,SF,20149037
1,액션,20149037
2,어드벤처,20149037
0,애니메이션,20156441
0,애니메이션,20020168
1,어드벤처,20020168
2,가족,20020168
3,판타지,20020168
0,애니메이션,20155601
0,사극,20149570
1,코미디,20149570
2,어드벤처,20149570
0,액션,20140110
1,스릴러,20140110
0,애니메이션,20144322
0,애니메이션,20155881
1,판타지,20155881
2,뮤지컬,20155881
3,어드벤처,20155881
4,가족,20155881
0,애니메이션,20155761
1,어드벤처,20155761
2,스릴러,20155761
0,어드벤처,20142561
1,가족,20142561
2,판타지,20142561
0,드라마,20141962
1,스릴러,20141962
0,애니메이션,20149401
1,어드벤처,20149401
2,코미디,20149401
0,드라마,20147613
1,멜로/로맨스,20147613
0,SF,20156161
1,스릴러,20156161
0,스릴러,20144621
1,SF,20144621
0,코미디,20145102
1,범죄,20145102
2,멜로/로맨스,20145102
0,사극,20136063
1,드라마,20136063
0,코미디,20148841
0,코미디,20144801
1,드라마,20144801
0,코미디,20145085
1,드라마,20145085
0,범죄,20148461
1,스릴러,20148461
0,액션,20156402
1,스릴러,20156402
0,드라마,20145141
0,스릴러,20141602
1,드라마,20141602
0,액션,20156704
1,어드벤처,20156704
0,멜로/로맨스,20156841
0,액션,20157041
1,스릴러,20157041
0,애니메이션,20156904
0,코미디,20148845
1,드라마,20148845
0,SF,20144461
1,액션,20144461
0,드라마,20157421
0,액션,20143580
1,범죄,20143580
2,스릴러,20143580
0,드라마,20157121
1,멜로/로맨스,20157121
0,애니메이션,20157584
0,공포(호러),20157394
0,다큐멘터리,20157587
0,멜로/로맨스,20140703
1,드라마,20140703
0,드라마,20133682
0,판타지,20145281
1,코미디,20145281
0,멜로/로맨스,20141085
1,코미디,20141085
0,애니메이션,20158091
0,드라마,20142884
0,액션,20157904
1,스릴러,20157904
0,미스터리,20156977
1,공포(호러),20156977
0,액션,20148493
1,어드벤처,20148493
2,판타지,20148493
3,SF,20148493
0,애니메이션,20158461
1,코미디,20158461
2,어드벤처,20158461
0,드라마,20156321
0,드라마,20157021
0,범죄,20149266
1,드라마,20149266
0,멜로/로맨스,20143512
1,코미디,20143512
0,애니메이션,20100211
1,어드벤처,20100211
2,코미디,20100211
0,애니메이션,20158069
0,애니메이션,20158428
1,어드벤처,20158428
0,드라마,20145042
0,공포(호러),20158704
1,스릴러,20158704
0,멜로/로맨스,20149062
1,코미디,20149062
0,SF,20158561
1,스릴러,20158561
0,멜로/로맨스,20071066
1,드라마,20071066
0,스릴러,20149569
0,액션,20144741
1,어드벤처,20144741
2,스릴러,20144741
0,코미디,20158670
1,드라마,20158670
0,어드벤처,20158703
1,드라마,20158703
2,스릴러,20158703
0,액션,20158621
1,코미디,20158621
0,사극,20142402
0,애니메이션,20140145
1,어드벤처,20140145
2,판타지,20140145
0,멜로/로맨스,20130566
0,액션,20159748
1,어드벤처,20159748
2,미스터리,20159748
3,SF,20159748
0,코미디,20159141
1,뮤지컬,20159141
0,애니메이션,20159655
1,판타지,20159655
2,스릴러,20159655
3,범죄,20159655
4,SF,20159655
0,액션,20144682
1,드라마,20144682
2,스릴러,20144682
0,멜로/로맨스,20136869
1,범죄,20136869
0,공포(호러),20159573
0,액션,20098169
1,어드벤처,20098169
2,SF,20098169
0,판타지,20140207
1,가족,20140207
0,미스터리,20159582
1,드라마,20159582
0,드라마,20148855
1,범죄,20148855
0,미스터리,20141224
1,드라마,20141224
0,드라마,20156970
0,드라마,20150563
1,멜로/로맨스,20150563
0,드라마,20136057
0,드라마,20134798
0,코미디,20156749
0,범죄,20142856
1,액션,20142856
2,드라마,20142856
0,애니메이션,20159221
0,공포(호러),20159223
1,스릴러,20159223
0,액션,20141384
1,어드벤처,20141384
2,SF,20141384
3,스릴러,20141384
0,애니메이션,20150255
0,공포(호러),20159001
0,애니메이션,20150963
0,애니메이션,20151225
1,코미디,20151225
0,판타지,20148844
1,공포(호러),20148844
0,공포(호러),20150741
0,드라마,20151002
0,코미디,20150522
1,드라마,20150522
0,액션,20158241
1,어드벤처,20158241
0,코미디,20141060
0,드라마,20156301
1,미스터리,20156301
2,스릴러,20156301
0,액션,20148851
1,드라마,20148851
0,애니메이션,20150501
0,액션,20157881
1,스릴러,20157881
2,어드벤처,20157881
0,애니메이션,20145361
0,애니메이션,20140241
1,가족,20140241
2,어드벤처,20140241
0,드라마,20151821
0,액션,20148048
1,드라마,20148048
0,애니메이션,20151964
0,다큐멘터리,20152372
0,드라마,20152264
0,코미디,20143513
0,사극,20130021
1,액션,20130021
0,애니메이션,20158062
1,어드벤처,20158062
2,코미디,20158062
0,드라마,20156281
0,판타지,20143572
1,멜로/로맨스,20143572
0,액션,20157531
1,판타지,20157531
2,SF,20157531
0,공포(호러),20158481
1,스릴러,20158481
0,액션,20155826
0,액션,20152866
1,코미디,20152866
0,드라마,20155874
0,액션,20155702
1,SF,20155702
0,스릴러,20143511
1,미스터리,20143511
0,공포(호러),20152869
0,액션,20153385
1,범죄,20153385
2,스릴러,20153385
0,애니메이션,20153039
0,스릴러,20143510
1,범죄,20143510
0,SF,20151521
1,액션,20151521
2,스릴러,20151521
0,드라마,20154162
0,사극,20148846
0,액션,20150622
1,SF,20150622
2,스릴러,20150622
0,애니메이션,20153470
1,SF,20153470
2,어드벤처,20153470
0,코미디,20156557
1,범죄,20156557
0,코미디,20152022
0,전쟁,20140193
1,드라마,20140193
0,어드벤처,20151421
1,드라마,20151421
2,스릴러,20151421
0,애니메이션,20151815
0,애니메이션,20153022
1,판타지,20153022
2,뮤지컬,20153022
0,공포(호러),20154621
0,드라마,20153025
0,액션,20151383
1,어드벤처,20151383
2,SF,20151383
0,범죄,20142855
1,액션,20142855
0,판타지,20150562
1,어드벤처,20150562
0,액션,20153201
1,범죄,20153201
2,스릴러,20153201
0,스릴러,20155639
1,공포(호러),20155639
0,미스터리,20156553
1,드라마,20156553
0,판타지,20155562
1,멜로/로맨스,20155562
0,스릴러,20157464
1,액션,20157464
0,스릴러,20145504
0,드라마,20145501
1,코미디,20145501
0,스릴러,20157465
0,드라마,20155101
0,액션,20152745
1,어드벤처,20152745
2,코미디,20152745
0,드라마,20149961
0,판타지,20150862
1,멜로/로맨스,20150862
0,미스터리,20145503
1,드라마,20145503
0,스릴러,20152871
1,드라마,20152871
0,드라마,20155277
0,애니메이션,20156383
0,액션,20154729
1,스릴러,20154729
0,액션,20157432
1,어드벤처,20157432
2,범죄,20157432
3,스릴러,20157432
0,애니메이션,20156360
1,어드벤처,20156360
0,판타지,20155441
1,액션,20155441
2,어드벤처,20155441
0,범죄,20149314
1,드라마,20149314
0,액션,20151481
1,어드벤처,20151481
0,드라마,20155690
1,가족,20155690
0,애니메이션,20155740
0,드라마,20156748
0,사극,20140144
1,드라마,20140144
0,애니메이션,20157175
1,판타지,20157175
2,어드벤처,20157175
0,액션,20157883
1,SF,20157883
0,판타지,20156570
1,스릴러,20156570
0,액션,20144683
1,어드벤처,20144683
2,드라마,20144683
0,멜로/로맨스,20157501
1,코미디,20157501
0,범죄,20155423
1,미스터리,20155423
2,스릴러,20155423
0,드라마,20153083
1,액션,20153083
0,애니메이션,20156807
0,액션,20155202
1,범죄,20155202
2,드라마,20155202
0,애니메이션,20157096
0,드라마,20156275
0,드라마,20136068
0,액션,20154141
1,어드벤처,20154141
2,판타지,20154141
0,사극,20145171
0,드라마,20156102
0,애니메이션,20154242
0,애니메이션,20155563
1,판타지,20155563
2,어드벤처,20155563
0,애니메이션,20153702
1,어드벤처,20153702
2,판타지,20153702
0,애니메이션,20150752
1,어드벤처,20150752
2,코미디,20150752
0,범죄,20150025
1,드라마,20150025
0,범죄,20157042
1,드라마,20157042
0,드라마,20144442
0,액션,20157197
1,어드벤처,20157197
2,판타지,20157197
0,애니메이션,20155422
1,어드벤처,20155422
2,코미디,20155422
0,멜로/로맨스,20142641
0,범죄,20153087
1,액션,20153087
0,애니메이션,20150024
0,액션,20159510
1,스릴러,20159510
2,서부극(웨스턴),20159510
0,어드벤처,20154001
1,드라마,20154001
0,멜로/로맨스,20068576
0,액션,20157158
1,어드벤처,20157158
2,코미디,20157158
0,드라마,20158483
1,전쟁,20158483
0,드라마,20159199
0,애니메이션,20150566
0,드라마,20150461
0,애니메이션,20151803
1,액션,20151803
2,어드벤처,20151803
0,드라마,20157466
0,범죄,20145507
1,코미디,20145507
0,애니메이션,20159059
1,어드벤처,20159059
2,코미디,20159059
0,드라마,20150942
0,애니메이션,20159657
0,액션,20153781
1,SF,20153781
0,애니메이션,20150725
0,판타지,20150903
1,가족,20150903
0,드라마,20150456
0,애니메이션,20155501
1,액션,20155501
2,어드벤처,20155501
0,멜로/로맨스,20150977
1,코미디,20150977
0,드라마,20158482
0,드라마,20155020
0,애니메이션,20151111
0,드라마,20161364
0,멜로/로맨스,20145502
0,드라마,20151021
0,액션,20161745
1,어드벤처,20161745
2,SF,20161745
0,드라마,20150565
1,스릴러,20150565
0,어드벤처,20159162
1,판타지,20159162
0,액션,20161630
1,드라마,20161630
2,스릴러,20161630
0,드라마,20156063
0,액션,20151884
1,범죄,20151884
2,스릴러,20151884
0,스릴러,20145396
0,코미디,20158529
1,드라마,20158529
0,액션,20161781
1,드라마,20161781
0,코미디,20161968
0,드라마,20161881
0,액션,20161583
1,드라마,20161583
2,스릴러,20161583
0,액션,20152781
1,어드벤처,20152781
2,판타지,20152781
0,드라마,20159643
0,코미디,20161921
1,드라마,20161921
0,드라마,20162381
0,코미디,20150902
0,범죄,20162161
1,스릴러,20162161
0,공포(호러),20162001
0,애니메이션,20161594
0,코미디,20161905
0,미스터리,20152782
1,스릴러,20152782
0,미스터리,20162065
1,스릴러,20162065
0,드라마,20161964
0,드라마,20161870
0,멜로/로맨스,19960126
1,드라마,19960126
0,드라마,20162245
0,스릴러,20142621
0,액션,20158984
1,어드벤처,20158984
0,사극,20145506
1,드라마,20145506
0,드라마,19990140
1,전쟁,19990140
2,코미디,19990140
0,애니메이션,20162431
0,코미디,20159641
1,드라마,20159641
0,미스터리,20162621
1,공포(호러),20162621
0,범죄,20162321
1,스릴러,20162321
0,멜로/로맨스,20070458
1,드라마,20070458
0,액션,20159364
1,SF,20159364
2,스릴러,20159364
0,미스터리,20162299
1,스릴러,20162299
0,다큐멘터리,20161842
0,드라마,20162206
1,멜로/로맨스,20162206
0,드라마,20142406
1,액션,20142406
0,애니메이션,20162704
0,애니메이션,20162300
0,애니메이션,20162542
1,액션,20162542
2,가족,20162542
0,애니메이션,20162461
1,다큐멘터리,20162461
0,미스터리,20140194
1,스릴러,20140194
2,드라마,20140194
0,액션,20162627
1,어드벤처,20162627
2,SF,20162627
0,멜로/로맨스,20143509
1,코미디,20143509
0,멜로/로맨스,20163137
1,드라마,20163137
0,애니메이션,20156207
0,가족,20156559
1,드라마,20156559
0,드라마,20163018
1,멜로/로맨스,20163018
0,액션,20163182
1,어드벤처,20163182
2,SF,20163182
0,범죄,20159645
1,드라마,20159645
0,액션,20150523
1,어드벤처,20150523
2,판타지,20150523
3,SF,20150523
0,드라마,20162569
0,판타지,20153182
1,공포(호러),20153182
0,스릴러,20144444
1,드라마,20144444
0,멜로/로맨스,20163215
1,드라마,20163215
0,공포(호러),20158242
0,공포(호러),20162925
1,스릴러,20162925
0,어드벤처,20162967
1,드라마,20162967
0,액션,20158150
1,어드벤처,20158150
2,판타지,20158150
0,공포(호러),20162941
0,애니메이션,20163981
0,액션,20150385
1,어드벤처,20150385
0,액션,20150782
1,어드벤처,20150782
2,SF,20150782
0,스릴러,20140704
0,액션,20163202
1,범죄,20163202
0,코미디,20150972
1,드라마,20150972
0,액션,20163661
1,어드벤처,20163661
0,액션,20154906
0,애니메이션,20159058
1,어드벤처,20159058
2,코미디,20159058
0,사극,20159644
0,범죄,20150203
1,액션,20150203
0,공포(호러),20163962
1,미스터리,20163962
0,액션,20156564
1,스릴러,20156564
0,공포(호러),20165201
1,스릴러,20165201
0,드라마,20163961
0,스릴러,20158982
1,드라마,20158982
0,코미디,20165130
0,애니메이션,20161286
1,어드벤처,20161286
2,코미디,20161286
0,애니메이션,20164521
0,기타,20166845
0,전쟁,20156250
1,드라마,20156250
0,액션,20161907
1,스릴러,20161907
0,애니메이션,20165561
1,어드벤처,20165561
2,코미디,20165561
3,가족,20165561
0,드라마,20163189
0,사극,20150979
1,드라마,20150979
0,액션,20152963
0,애니메이션,20156082
1,코미디,20156082
2,가족,20156082
0,애니메이션,20162002
1,미스터리,20162002
2,어드벤처,20162002
0,드라마,20154910
0,드라마,20150968
0,애니메이션,20165961
0,액션,20150567
1,SF,20150567
0,애니메이션,20148460
0,애니메이션,20163043
1,액션,20163043
2,어드벤처,20163043
0,공포(호러),20163217
0,액션,20162404
1,코미디,20162404
2,SF,20162404
0,드라마,20166901
0,드라마,20150901
1,코미디,20150901
0,액션,20167261
1,범죄,20167261
2,스릴러,20167261
0,드라마,20167563
1,SF,20167563
0,액션,20159646
0,사극,20159648
0,어드벤처,20162968
1,가족,20162968
2,판타지,20162968
0,애니메이션,20166541
1,판타지,20166541
2,어드벤처,20166541
0,애니메이션,20166721
1,어드벤처,20166721
2,가족,20166721
0,애니메이션,20165941
1,어드벤처,20165941
2,코미디,20165941
0,어드벤처,20167839
1,드라마,20167839
0,액션,20163294
1,서부극(웨스턴),20163294
0,애니메이션,20167154
0,애니메이션,20168721
0,액션,20169122
1,공포(호러),20169122
0,드라마,20168891
0,코미디,20168885
1,멜로/로맨스,20168885
0,액션,20162022
0,범죄,20153443
1,액션,20153443
0,미스터리,20164501
1,판타지,20164501
0,어드벤처,20160143
1,가족,20160143
2,판타지,20160143
0,스릴러,20167481
0,애니메이션,20168361
0,애니메이션,20169764
1,가족,20169764
0,코미디,20153444
0,드라마,20161589
0,드라마,20167867
0,액션,20168501
0,액션,20160203
1,스릴러,20160203
0,다큐멘터리,20163041
0,애니메이션,20160261
0,미스터리,20156007
1,스릴러,20156007
0,드라마,20151022
0,코미디,20169986
0,액션,20163181
1,어드벤처,20163181
2,판타지,20163181
0,공포(호러),20150564
0,애니메이션,20160781
1,어드벤처,20160781
2,가족,20160781
3,판타지,20160781
0,다큐멘터리,20162545
0,범죄,20161527
1,드라마,20161527
0,액션,20161796
0,멜로/로맨스,20160862
1,드라마,20160862
0,애니메이션,20162609
0,드라마,20163521
0,공포(호러),20161843
0,애니메이션,20162504
1,어드벤처,20162504
0,드라마,20162147
0,어드벤처,20162365
1,가족,20162365
2,판타지,20162365
0,드라마,20154905
1,판타지,20154905
0,애니메이션,20162629
0,멜로/로맨스,20162928
1,코미디,20162928
0,코미디,20154661
1,드라마,20154661
0,애니메이션,20163903
1,가족,20163903
0,공포(호러),20161162
1,스릴러,20161162
0,공연,20163824
0,미스터리,20153741
0,액션,20166363
1,범죄,20166363
2,드라마,20166363
0,액션,20161605
1,판타지,20161605
2,공포(호러),20161605
0,범죄,20160472
1,액션,20160472
0,애니메이션,20166462
0,드라마,20144641
1,스릴러,20144641
0,드라마,20167904
1,뮤지컬,20167904
2,멜로/로맨스,20167904
0,애니메이션,20163884
0,애니메이션,20162382
1,어드벤처,20162382
2,판타지,20162382
3,액션,20162382
0,드라마,20161763
0,애니메이션,20163856
0,판타지,20152371
1,드라마,20152371
0,멜로/로맨스,20155223
1,코미디,20155223
0,애니메이션,20164388
1,가족,20164388
0,액션,20161725
1,범죄,20161725
0,애니메이션,20162025
1,뮤지컬,20162025
0,애니메이션,20162183
1,어드벤처,20162183
2,판타지,20162183
3,가족,20162183
0,애니메이션,20165285
0,드라마,20160221
0,액션,20163183
1,어드벤처,20163183
2,판타지,20163183
3,SF,20163183
0,애니메이션,20162727
0,애니메이션,20161872
1,드라마,20161872
2,멜로/로맨스,20161872
0,어드벤처,20161084
1,SF,20161084
0,애니메이션,20165153
1,어드벤처,20165153
2,가족,20165153
3,판타지,20165153
0,코미디,20150966
1,멜로/로맨스,20150966
0,드라마,20151181
0,애니메이션,20165443
0,스릴러,20168381
1,드라마,20168381
2,멜로/로맨스,20168381
0,액션,20164421
1,어드벤처,20164421
2,판타지,20164421
3,SF,20164421
0,범죄,20151229
1,드라마,20151229
0,액션,20151228
0,애니메이션,20163845
0,판타지,20168664
1,어드벤처,20168664
2,액션,20168664
0,드라마,20163186
0,액션,20168688
1,공포(호러),20168688
2,SF,20168688
3,스릴러,20168688
0,애니메이션,20167285
0,액션,20168154
1,드라마,20168154
0,SF,20179281
1,드라마,20179281
2,스릴러,20179281
0,드라마,20167324
0,애니메이션,20162873
1,액션,20162873
2,코미디,20162873
0,범죄,20150964
1,액션,20150964
0,액션,20167716
1,어드벤처,20167716
2,스릴러,20167716
0,드라마,20161141
1,멜로/로맨스,20161141
0,애니메이션,20167644
1,어드벤처,20167644
2,가족,20167644
3,뮤지컬,20167644
0,애니메이션,20178881
0,드라마,20166421
0,판타지,20163580
1,액션,20163580
0,애니메이션,20161744
0,미스터리,20167362
1,스릴러,20167362
0,애니메이션,20167906
1,어드벤처,20167906
0,스릴러,20170241
0,드라마,20161723
0,액션,20166101
1,범죄,20166101
2,스릴러,20166101
0,드라마,20167922
1,전쟁,20167922
0,SF,20156562
1,스릴러,20156562
0,애니메이션,20170509
1,SF,20170509
2,액션,20170509
0,액션,20161827
1,SF,20161827
0,스릴러,20150971
0,드라마,20158799
0,드라마,20165927
0,드라마,20166468
0,액션,20168183
1,어드벤처,20168183
2,판타지,20168183
0,드라마,20168750
1,멜로/로맨스,20168750
0,드라마,20170761
1,스릴러,20170761
2,미스터리,20170761
0,멜로/로맨스,20164721
1,판타지,20164721
2,뮤지컬,20164721
0,코미디,20167905
1,액션,20167905
0,어드벤처,20178942
1,드라마,20178942
2,멜로/로맨스,20178942
3,SF,20178942
0,범죄,20162181
1,액션,20162181
0,드라마,20167902
0,드라마,20167363
0,애니메이션,20171801
0,드라마,20179442
0,애니메이션,20171661
0,액션,20168742
1,스릴러,20168742
0,SF,20163194
1,범죄,20163194
2,액션,20163194
0,범죄,20151230
0,범죄,20167005
1,드라마,20167005
2,스릴러,20167005
0,드라마,20167364
1,스릴러,20167364
0,SF,20171381
1,스릴러,20171381
0,멜로/로맨스,20167901
0,미스터리,20161923
1,스릴러,20161923
0,드라마,20171781
1,스릴러,20171781
0,애니메이션,20162607
0,액션,20167542
1,범죄,20167542
2,스릴러,20167542
0,코미디,20151227
0,애니메이션,20173601
1,어드벤처,20173601
2,가족,20173601
3,판타지,20173601
4,뮤지컬,20173601
0,애니메이션,20174023
0,애니메이션,20173690
1,판타지,20173690
2,드라마,20173690
3,액션,20173690
0,액션,20179662
1,어드벤처,20179662
2,판타지,20179662
3,SF,20179662
0,드라마,20172541
0,드라마,20172125
0,다큐멘터리,20174561
0,드라마,20162871
0,코미디,20161726
1,어드벤처,20161726
2,액션,20161726
0,애니메이션,20161665
1,가족,20161665
0,애니메이션,20174165
0,다큐멘터리,20173301
0,애니메이션,20175142
0,드라마,20164829
0,액션,20163603
1,SF,20163603
0,범죄,20162722
1,코미디,20162722
0,애니메이션,20174061
1,코미디,20174061
2,가족,20174061
0,애니메이션,20173061
1,코미디,20173061
0,SF,20179382
1,스릴러,20179382
0,스릴러,20156708
0,애니메이션,20170321
1,멜로/로맨스,20170321
0,판타지,20173961
1,액션,20173961
2,어드벤처,20173961
0,공포(호러),20175262
1,미스터리,20175262
2,스릴러,20175262
3,드라마,20175262
0,범죄,20164844
1,액션,20164844
2,드라마,20164844
0,멜로/로맨스,20174721
1,어드벤처,20174721
0,액션,20170982
1,어드벤처,20170982
2,판타지,20170982
3,코미디,20170982
0,다큐멘터리,20174602
0,드라마,20173642
1,멜로/로맨스,20173642
0,액션,20168261
1,어드벤처,20168261
2,판타지,20168261
3,SF,20168261
0,드라마,20169348
1,사극,20169348
0,애니메이션,20176141
0,애니메이션,20174821
1,어드벤처,20174821
0,드라마,20174803
1,미스터리,20174803
0,액션,20166488
1,어드벤처,20166488
2,판타지,20166488
0,액션,20162343
0,드라마,20173833
0,스릴러,20166384
0,애니메이션,20175423
1,판타지,20175423
0,애니메이션,20176741
0,애니메이션,20172241
1,어드벤처,20172241
0,액션,20166967
1,어드벤처,20166967
2,SF,20166967
0,드라마,20176201
1,SF,20176201
2,스릴러,20176201
0,애니메이션,20175821
0,공포(호러),20175982
1,스릴러,20175982
0,드라마,20178982
0,액션,20159647
0,어드벤처,20158485
1,액션,20158485
2,드라마,20158485
0,코미디,20176961
1,드라마,20176961
0,애니메이션,20178121
0,액션,20167303
1,어드벤처,20167303
2,SF,20167303
0,애니메이션,20177202
0,드라마,20176102
0,애니메이션,20175522
1,어드벤처,20175522
2,코미디,20175522
3,가족,20175522
0,드라마,20177501
1,멜로/로맨스,20177501
0,드라마,20174801
1,멜로/로맨스,20174801
0,드라마,20176562
0,기타,20179245
0,액션,20164621
1,드라마,20164621
2,스릴러,20164621
3,전쟁,20164621
0,스릴러,20177181
1,공포(호러),20177181
0,애니메이션,20178321
0,애니메이션,20177761
1,어드벤처,20177761
2,가족,20177761
0,공포(호러),20177701
0,액션,20161481
1,드라마,20161481
0,애니메이션,20173403
0,드라마,20162869
0,애니메이션,20170124
0,드라마,20178762
1,멜로/로맨스,20178762
0,애니메이션,20179186
1,어드벤처,20179186
0,액션,20162442
0,공포(호러),20161081
0,애니메이션,20178641
1,어드벤처,20178641
2,가족,20178641
0,애니메이션,20179085
1,SF,20179085
2,가족,20179085
3,어드벤처,20179085
0,액션,20179901
1,어드벤처,20179901
2,드라마,20179901
3,SF,20179901
0,미스터리,20151003
1,스릴러,20151003
0,다큐멘터리,20179187
0,애니메이션,20179226
1,판타지,20179226
0,범죄,20164174
1,드라마,20164174
0,액션,20170022
1,어드벤처,20170022
2,판타지,20170022
0,드라마,20165001
1,멜로/로맨스,20165001
0,액션,20171962
1,코미디,20171962
0,액션,20158047
1,어드벤처,20158047
2,SF,20158047
0,액션,20179491
0,코미디,20179407
1,드라마,20179407
0,범죄,20154909
1,스릴러,20154909
0,공포(호러),20179696
1,드라마,20179696
0,애니메이션,20171022
0,다큐멘터리,20171923
0,스릴러,20170268
1,드라마,20170268
0,액션,20171090
1,범죄,20171090
2,스릴러,20171090
0,범죄,20177541
1,액션,20177541
0,판타지,20170607
1,드라마,20170607
0,코미디,20174142
0,범죄,20173945
1,미스터리,20173945
2,스릴러,20173945
0,액션,20168241
1,어드벤처,20168241
2,드라마,20168241
0,액션,20175222
1,어드벤처,20175222
2,코미디,20175222
0,애니메이션,20172142
0,애니메이션,20170364
1,액션,20170364
2,코미디,20170364
3,어드벤처,20170364
4,가족,20170364
0,애니메이션,20172627
1,어드벤처,20172627
2,가족,20172627
3,판타지,20172627
4,뮤지컬,20172627
0,다큐멘터리,20166132
0,사극,20165450
1,드라마,20165450
0,범죄,20172742
1,액션,20172742
0,애니메이션,20171817
1,어드벤처,20171817
2,코미디,20171817
3,가족,20171817
0,애니메이션,20170964
1,뮤지컬,20170964
2,어드벤처,20170964
0,SF,20168282
1,액션,20168282
0,미스터리,20154907
1,스릴러,20154907
0,멜로/로맨스,20176767
1,판타지,20176767
2,SF,20176767
0,액션,20173694
1,SF,20173694
2,스릴러,20173694
0,드라마,20164424
0,애니메이션,20173806
0,액션,20175121
1,어드벤처,20175121
2,판타지,20175121
3,SF,20175121
0,드라마,20171024
0,드라마,20175208
0,애니메이션,20174103
1,코미디,20174103
2,가족,20174103
3,어드벤처,20174103
4,뮤지컬,20174103
5,판타지,20174103
0,코미디,20172603
0,드라마,20169643
0,공포(호러),20173724
1,스릴러,20173724
2,범죄,20173724
0,액션,20174902
1,어드벤처,20174902
2,애니메이션,20174902
0,드라마,20173612
0,공포(호러),20174622
1,미스터리,20174622
2,스릴러,20174622
0,범죄,20161681
1,액션,20161681
0,드라마,20175441
0,애니메이션,20179942
1,미스터리,20179942
0,액션,20175244
0,액션,20168221
1,어드벤처,20168221
2,판타지,20168221
3,SF,20168221
0,코미디,20168754
0,범죄,20165748
0,애니메이션,20175223
1,가족,20175223
0,애니메이션,20175288
0,사극,20173903
1,액션,20173903
0,미스터리,20173581
1,스릴러,20173581
0,드라마,20178581
1,미스터리,20178581
2,범죄,20178581
0,스릴러,20161762
0,애니메이션,20174846
0,애니메이션,20174585
1,어드벤처,20174585
0,액션,20173693
0,액션,20170402
1,드라마,20170402
0,액션,20170443
1,어드벤처,20170443
2,판타지,20170443
3,SF,20170443
0,애니메이션,20176367
0,드라마,20175481
1,멜로/로맨스,20175481
0,판타지,20150976
1,드라마,20150976
0,드라마,20179462
1,뮤지컬,20179462
0,애니메이션,20174965
1,어드벤처,20174965
2,가족,20174965
0,애니메이션,20176082
0,애니메이션,20176022
1,어드벤처,20176022
0,드라마,20170590
0,드라마,20176947
0,애니메이션,20177479
0,액션,20171909
1,어드벤처,20171909
0,애니메이션,20177104
1,어드벤처,20177104
2,코미디,20177104
0,애니메이션,20179985
0,드라마,20173547
1,코미디,20173547
0,애니메이션,20177602
1,멜로/로맨스,20177602
0,액션,20175054
1,SF,20175054
2,스릴러,20175054
0,코미디,20176104
1,드라마,20176104
0,애니메이션,20173662
0,다큐멘터리,20189525
0,액션,20178230
0,드라마,20168161
0,애니메이션,20178444
0,코미디,20177473
0,드라마,20168323
1,코미디,20168323
0,공포(호러),20178126
1,미스터리,20178126
2,스릴러,20178126
0,액션,20178395
1,드라마,20178395
2,전쟁,20178395
0,애니메이션,20179228
0,범죄,20178469
1,드라마,20178469
2,미스터리,20178469
3,스릴러,20178469
0,사극,20179205
1,어드벤처,20179205
2,코미디,20179205
0,코미디,20178672
1,드라마,20178672
0,액션,20189901
1,스릴러,20189901
0,액션,20170561
1,드라마,20170561
2,SF,20170561
0,범죄,20168250
1,드라마,20168250
0,사극,20176121
0,애니메이션,20078561
0,액션,20177946
1,어드벤처,20177946
2,범죄,20177946
0,어드벤처,20173436
1,판타지,20173436
0,드라마,20180542
1,멜로/로맨스,20180542
2,스릴러,20180542
0,코미디,20150969
1,드라마,20150969
0,드라마,20170841
0,판타지,20179731
1,드라마,20179731
0,스릴러,20180341
0,범죄,20189663
1,코미디,20189663
0,드라마,20189861
1,스릴러,20189861
0,스릴러,20178781
0,액션,20180564
1,어드벤처,20180564
0,드라마,20176070
0,드라마,20178490
0,멜로/로맨스,20170669
0,액션,20180302
1,범죄,20180302
0,멜로/로맨스,20172244
1,스릴러,20172244
0,코미디,20178449
1,범죄,20178449
2,드라마,20178449
0,액션,20174603
1,어드벤처,20174603
2,SF,20174603
0,공포(호러),20180804
1,스릴러,20180804
0,애니메이션,20181366
0,드라마,20178522
1,멜로/로맨스,20178522
0,멜로/로맨스,20173962
1,드라마,20173962
0,액션,20171122
1,SF,20171122
2,어드벤처,20171122
0,스릴러,20154908
1,드라마,20154908
0,드라마,20181621
0,코미디,20153447
0,드라마,20181561
0,가족,20182021
1,뮤지컬,20182021
0,코미디,20178424
1,드라마,20178424
0,공포(호러),20181788
1,스릴러,20181788
2,드라마,20181788
0,액션,20176917
0,다큐멘터리,20182352
0,액션,20165045
1,드라마,20165045
0,애니메이션,20182221
1,어드벤처,20182221
2,코미디,20182221
0,미스터리,20177266
1,범죄,20177266
2,스릴러,20177266
0,애니메이션,20182360
0,범죄,20182701
1,액션,20182701
0,액션,20177478
1,어드벤처,20177478
2,판타지,20177478
3,SF,20177478
0,스릴러,20167007
0,애니메이션,20183195
0,액션,20182561
1,드라마,20182561
0,애니메이션,20182990
0,드라마,20189783
0,애니메이션,20182984
0,애니메이션,20182989
0,애니메이션,20182385
0,드라마,20177005
1,코미디,20177005
0,드라마,20176069
0,코미디,20137352
1,판타지,20137352
0,애니메이션,20183083
0,드라마,20176067
0,액션,20176848
1,어드벤처,20176848
2,코미디,20176848
3,SF,20176848
0,미스터리,20173202
0,애니메이션,20183084
1,가족,20183084
0,멜로/로맨스,20182046
0,애니메이션,20183321
1,SF,20183321
2,액션,20183321
0,애니메이션,20183741
0,범죄,20179383
1,액션,20179383
0,액션,20180789
1,SF,20180789
0,공포(호러),20183801
1,스릴러,20183801
0,애니메이션,20184513
1,드라마,20184513
2,가족,20184513
0,미스터리,20173865
1,스릴러,20173865
0,드라마,20176053
0,애니메이션,20180943
1,어드벤처,20180943
2,코미디,20180943
0,액션,20179086
1,어드벤처,20179086
2,SF,20179086
0,공포(호러),20184801
0,코미디,20185081
0,애니메이션,20135305
0,애니메이션,20184261
0,코미디,20178161
1,범죄,20178161
0,액션,20184903
1,범죄,20184903
0,애니메이션,20184512
1,코미디,20184512
2,어드벤처,20184512
0,다큐멘터리,20184699
0,멜로/로맨스,20184845
0,드라마,20184101
0,드라마,20184689
1,전쟁,20184689
0,애니메이션,20185648
0,미스터리,20185341
1,액션,20185341
0,드라마,20172469
0,액션,20184721
1,범죄,20184721
2,드라마,20184721
0,애니메이션,20185001
0,액션,20180522
1,어드벤처,20180522
2,SF,20180522
0,드라마,20174369
0,액션,20181443
1,스릴러,20181443
0,공포(호러),20180282
1,미스터리,20180282
0,스릴러,20175221
0,판타지,20182564
1,멜로/로맨스,20182564
0,애니메이션,20183361
1,액션,20183361
2,어드벤처,20183361
3,코미디,20183361
4,가족,20183361
0,범죄,20188042
1,액션,20188042
0,액션,20185621
1,범죄,20185621
0,드라마,20186001
0,애니메이션,20186282
1,판타지,20186282
2,드라마,20186282
0,액션,20181181
1,스릴러,20181181
0,SF,20170942
1,액션,20170942
0,애니메이션,20185242
1,판타지,20185242
2,어드벤처,20185242
0,드라마,20186121
0,드라마,20110027
1,멜로/로맨스,20110027
0,판타지,20186202
1,드라마,20186202
0,애니메이션,20186501
0,뮤지컬,20181942
0,코미디,20179044
0,드라마,20179101
0,애니메이션,20184802
1,코미디,20184802
2,가족,20184802
3,판타지,20184802
0,애니메이션,20187427
0,스릴러,20170670
0,액션,20183584
1,공포(호러),20183584
2,SF,20183584
0,애니메이션,20187641
1,SF,20187641
2,어드벤처,20187641
0,멜로/로맨스,20153446
0,액션,20187647
1,코미디,20187647
0,액션,20187657
1,어드벤처,20187657
2,스릴러,20187657
0,드라마,20185046
0,드라마,20177537
0,액션,20189362
0,멜로/로맨스,20189261
1,드라마,20189261
0,어드벤처,20188446
1,애니메이션,20188446
0,액션,20156554
1,사극,20156554
0,SF,20188581
1,액션,20188581
2,스릴러,20188581
0,애니메이션,20188342
1,어드벤처,20188342
0,사극,20176122
1,액션,20176122
0,사극,20172204
0,범죄,20177308
0,공포(호러),20189262
0,애니메이션,20188304
0,애니메이션,20189268
0,애니메이션,20180167
0,애니메이션,20189746
0,코미디,20167903
1,드라마,20167903
2,범죄,20167903
0,드라마,20189743
0,액션,20177221
1,SF,20177221
2,스릴러,20177221
0,범죄,20179189
1,드라마,20179189
0,어드벤처,20189123
0,애니메이션,20189462
1,코미디,20189462
0,드라마,20189067
0,드라마,20180523
1,멜로/로맨스,20180523
0,애니메이션,20180770
1,액션,20180770
2,가족,20180770
0,공포(호러),20181262
1,스릴러,20181262
0,멜로/로맨스,20188661
0,미스터리,20180624
1,액션,20180624
0,SF,20186321
1,드라마,20186321
0,코미디,20184678
0,애니메이션,20187521
1,어드벤처,20187521
2,판타지,20187521
0,액션,20180628
1,어드벤처,20180628
0,사극,20174981
1,액션,20174981
0,멜로/로맨스,20182403
1,코미디,20182403
0,가족,20010291
1,판타지,20010291
0,드라마,20177538
1,코미디,20177538
0,애니메이션,20181669
1,어드벤처,20181669
2,코미디,20181669
0,드라마,20185485
0,판타지,20181404
1,공포(호러),20181404
2,미스터리,20181404
3,SF,20181404
4,스릴러,20181404
0,공포(호러),20180987
0,드라마,20181171
0,액션,20170513
1,스릴러,20170513
0,공포(호러),20179006
1,미스터리,20179006
0,애니메이션,20183063
1,어드벤처,20183063
2,코미디,20183063
0,판타지,20182693
1,어드벤처,20182693
0,판타지,20176814
0,기타,20183050
0,범죄,20184481
1,액션,20184481
0,드라마,20182935
0,애니메이션,20186822
1,드라마,20186822
0,애니메이션,20183009
1,판타지,20183009
2,어드벤처,20183009
0,어드벤처,20183073
1,드라마,20183073
2,코미디,20183073
0,애니메이션,20183043
1,액션,20183043
2,어드벤처,20183043
0,드라마,20182669
0,드라마,20177552
0,어드벤처,20181905
0,애니메이션,20182966
1,어드벤처,20182966
0,액션,20183007
1,스릴러,20183007
2,범죄,20183007
0,스릴러,20179230
1,드라마,20179230
0,판타지,20189843
1,드라마,20189843
0,액션,20178825
1,어드벤처,20178825
2,SF,20178825
0,애니메이션,20183745
0,가족,20183650
1,뮤지컬,20183650
0,액션,20183288
1,스릴러,20183288
0,애니메이션,20183238
1,액션,20183238
2,가족,20183238
0,드라마,20175547
0,스릴러,20182082
1,미스터리,20182082
0,애니메이션,20183685
1,가족,20183685
0,액션,20180290
0,범죄,20168773
1,드라마,20168773
0,애니메이션,20182421
1,코미디,20182421
0,애니메이션,20183479
0,애니메이션,20183375
0,액션,20170658
0,액션,20186281
1,어드벤처,20186281
2,SF,20186281
0,애니메이션,20183785
0,애니메이션,20189463
1,어드벤처,20189463
2,코미디,20189463
3,가족,20189463
0,드라마,20184105
0,액션,20184187
0,판타지,20176251
1,코미디,20176251
0,애니메이션,20183915
0,드라마,20184574
0,드라마,20182544
1,미스터리,20182544
2,SF,20182544
3,스릴러,20182544
0,애니메이션,20186324
0,애니메이션,20182588
0,애니메이션,20182044
1,어드벤처,20182044
2,코미디,20182044
0,코미디,20182530
0,공연,20185124
0,애니메이션,20189385
1,어드벤처,20189385
2,코미디,20189385
3,가족,20189385
4,판타지,20189385
0,범죄,20180868
1,액션,20180868
0,애니메이션,20186261
0,애니메이션,20185478
0,드라마,20184896
0,액션,20188282
1,어드벤처,20188282
2,멜로/로맨스,20188282
3,SF,20188282
4,스릴러,20188282
0,드라마,20185881
0,애니메이션,20185444
1,액션,20185444
2,어드벤처,20185444
0,공포(호러),20195915
1,코미디,20195915
0,코미디,20174169
1,가족,20174169
0,판타지,20184888
1,뮤지컬,20184888
0,애니메이션,20162003
1,미스터리,20162003
0,애니메이션,20195984
0,미스터리,20177539
1,스릴러,20177539
0,애니메이션,20195743
1,판타지,20195743
0,드라마,20020222
0,액션,20185576
0,드라마,20196601
0,드라마,20176442
0,멜로/로맨스,20195791
1,코미디,20195791
0,드라마,20180937
0,액션,20181877
1,어드벤처,20181877
2,SF,20181877
0,애니메이션,20177282
1,어드벤처,20177282
2,가족,20177282
0,드라마,20196323
0,액션,20197283
1,공포(호러),20197283
2,스릴러,20197283
0,범죄,20176103
0,드라마,20197356
0,애니메이션,20196723
1,어드벤처,20196723
2,코미디,20196723
0,범죄,20197846
1,드라마,20197846
0,스릴러,20175407
0,애니메이션,20197617
1,어드벤처,20197617
2,판타지,20197617
0,애니메이션,20198603
1,액션,20198603
2,판타지,20198603
0,멜로/로맨스,20183773
0,공포(호러),20185352
1,스릴러,20185352
0,가족,20196025
1,판타지,20196025
0,가족,20166301
1,멜로/로맨스,20166301
2,코미디,20166301
0,드라마,20198146
0,스릴러,20197987
0,액션,20196244
0,드라마,20183096
0,멜로/로맨스,20197092
0,애니메이션,20198023
0,액션,20185406
1,어드벤처,20185406
2,판타지,20185406
0,드라마,20180825
0,드라마,20198104
0,공포(호러),20197423
1,스릴러,20197423
0,액션,20198844
1,드라마,20198844
2,스릴러,20198844
0,드라마,20198403
1,멜로/로맨스,20198403
0,공포(호러),20183454
0,드라마,20198982
0,공포(호러),20182501
1,스릴러,20182501
0,멜로/로맨스,19990220
1,코미디,19990220
0,액션,20184889
1,SF,20184889
0,애니메이션,20198183
1,가족,20198183
0,다큐멘터리,20169323
0,드라마,20185784
1,코미디,20185784
0,액션,20198598
1,어드벤처,20198598
2,코미디,20198598
0,애니메이션,20197147
0,애니메이션,20199736
1,어드벤처,20199736
2,코미디,20199736
0,드라마,20199189
0,코미디,20184082
1,액션,20184082
0,스릴러,20185384
0,드라마,20187981
0,미스터리,20199923
1,스릴러,20199923
0,드라마,20199949
0,드라마,20199623
0,범죄,20188941
1,액션,20188941
0,다큐멘터리,20198597
0,공포(호러),20197503
0,어드벤처,20183867
1,가족,20183867
2,판타지,20183867
0,드라마,20199448
1,가족,20199448
0,공포(호러),20199822
1,SF,20199822
0,애니메이션,20190261
0,드라마,20183782
0,액션,20184865
1,어드벤처,20184865
2,SF,20184865
0,공포(호러),20188144
0,애니메이션,20192001
1,어드벤처,20192001
0,액션,20182387
1,어드벤처,20182387
2,SF,20182387
0,애니메이션,19880001
1,드라마,19880001
0,드라마,20198291
1,판타지,20198291
0,애니메이션,20199063
1,어드벤처,20199063
0,액션,20196657
1,코미디,20196657
2,SF,20196657
0,애니메이션,20190273
1,어드벤처,20190273
0,코미디,20191401
1,드라마,20191401
0,드라마,20190466
0,애니메이션,20184047
1,어드벤처,20184047
2,코미디,20184047
0,액션,20198453
1,드라마,20198453
0,액션,20196655
1,범죄,20196655
2,스릴러,20196655
0,공포(호러),20190885
0,공포(호러),20199951
1,미스터리,20199951
2,스릴러,20199951
0,범죄,20182585
1,스릴러,20182585
0,공포(호러),20192022
1,스릴러,20192022
0,액션,20196309
1,어드벤처,20196309
2,코미디,20196309
3,SF,20196309
0,기타,20192591
0,애니메이션,20192689
1,판타지,20192689
0,코미디,20185353
1,사극,20185353
0,애니메이션,20191601
0,스릴러,20185986
0,공포(호러),20192151
0,어드벤처,20175771
1,드라마,20175771
2,가족,20175771
0,공포(호러),20192222
1,스릴러,20192222
0,코미디,20190002
0,사극,20182490
0,애니메이션,20198323
1,코미디,20198323
2,판타지,20198323
3,어드벤처,20198323
4,멜로/로맨스,20198323
0,애니메이션,20192725
0,코미디,20184621
1,액션,20184621
0,미스터리,20180442
1,액션,20180442
2,판타지,20180442
3,공포(호러),20180442
0,애니메이션,20183844
1,어드벤처,20183844
2,코미디,20183844
0,사극,20184462
1,액션,20184462
2,드라마,20184462
0,기타,20193275
0,애니메이션,20191741
1,액션,20191741
0,다큐멘터리,20190741
0,액션,20196850
0,애니메이션,20182241
0,미스터리,20188404
1,공포(호러),20188404
0,애니메이션,20187959
1,코미디,20187959
2,어드벤처,20187959
3,가족,20187959
0,공포(호러),20184543
1,스릴러,20184543
0,사극,20185985
0,드라마,20171021
0,드라마,20191604
1,멜로/로맨스,20191604
0,멜로/로맨스,20181416
1,드라마,20181416
0,공포(호러),20193665
1,스릴러,20193665
0,액션,20194384
0,드라마,20181103
0,스릴러,20192804
0,애니메이션,20193821
0,가족,20194541
0,범죄,20188750
1,액션,20188750
0,범죄,20184572
1,드라마,20184572
0,코미디,20187322
1,드라마,20187322
0,애니메이션,20194045
0,드라마,20193807
0,SF,20192982
1,스릴러,20192982
0,어드벤처,20194943
1,애니메이션,20194943
0,전쟁,20193601
0,범죄,20194456
0,드라마,20199446
1,코미디,20199446
0,코미디,20184483
1,드라마,20184483
0,미스터리,20195968
1,스릴러,20195968
0,범죄,20195203
1,미스터리,20195203
2,SF,20195203
3,스릴러,20195203
0,액션,20199950
1,드라마,20199950
2,스릴러,20199950
0,멜로/로맨스,20195920
1,코미디,20195920
0,애니메이션,20195941
1,판타지,20195941
2,어드벤처,20195941
0,애니메이션,20196380
1,어드벤처,20196380
0,액션,20191183
1,드라마,20191183
2,SF,20191183
0,애니메이션,20197691
1,어드벤처,20197691
0,코미디,20184243
1,드라마,20184243
0,어드벤처,20191589
1,가족,20191589
2,판타지,20191589
0,코미디,20185361
1,멜로/로맨스,20185361
0,드라마,20194223
1,멜로/로맨스,20194223
0,애니메이션,20197402
1,어드벤처,20197402
0,드라마,20197141
0,드라마,20183407
1,멜로/로맨스,20183407
0,드라마,20191029
0,액션,20196136
0,애니메이션,20197054
0,액션,19910247
1,SF,19910247
2,스릴러,19910247
0,애니메이션,20197394
1,액션,20197394
2,어드벤처,20197394
0,드라마,20198961
0,액션,20192083
1,어드벤처,20192083
2,SF,20192083
0,애니메이션,20190280
1,판타지,20190280
2,멜로/로맨스,20190280
0,판타지,20192589
1,애니메이션,20192589
2,어드벤처,20192589
0,애니메이션,20198184
1,가족,20198184
2,코미디,20198184
3,어드벤처,20198184
0,멜로/로맨스,20197392
1,코미디,20197392
0,범죄,20181434
1,액션,20181434
0,애니메이션,20197279
1,코미디,20197279
2,가족,20197279
0,스릴러,20193801
0,범죄,20195002
1,드라마,20195002
0,액션,20197721
1,스릴러,20197721
0,액션,20198421
1,코미디,20198421
2,공포(호러),20198421
0,멜로/로맨스,20196284
0,다큐멘터리,20196760
0,애니메이션,20197803
0,범죄,20198942
1,드라마,20198942
2,스릴러,20198942
0,액션,20184341
1,드라마,20184341
0,스릴러,20185161
0,액션,20199428
1,스릴러,20199428
0,멜로/로맨스,20199576
1,코미디,20199576
0,범죄,20197336
1,드라마,20197336
0,멜로/로맨스,20198962
1,드라마,20198962
2,코미디,20198962
0,액션,20192401
1,드라마,20192401
0,미스터리,20198430
1,스릴러,20198430
0,드라마,20188462
0,코미디,20197278
1,멜로/로맨스,20197278
0,스릴러,20190142
0,코미디,20196405
1,애니메이션,20196405
2,액션,20196405
3,어드벤처,20196405
0,액션,20198681
0,스릴러,20198182
1,액션,20198182
0,공포(호러),20190545
1,스릴러,20190545
0,드라마,20198414
0,어드벤처,20192206
1,드라마,20192206
0,애니메이션,20198374
0,드라마,20198701
0,드라마,20196293
0,사극,20184571
0,뮤지컬,20192721
1,드라마,20192721
0,애니메이션,20198818
0,애니메이션,20199981
1,가족,20199981
2,판타지,20199981
3,어드벤처,20199981
